"id","idc","location","name","connection","stream-url","stream-thumbnail","created_at","updated_at"
1,"1674881c-acb2-47d6-b9aa-8e5dfdace728","cctv-bantul","ParkirMakamImogiri","1","https://mam.jogjaprov.go.id:1937/cctv-bantul/ParkirMakamImogiri.stream/playlist.m3u8","https://mam.jogjaprov.go.id/img/vid-thumb-360p.jpg","2023-04-10 07:10:32","2023-04-10 07:10:32"
2,"1a84d864-817c-4846-9151-02457609a2ea","cctv-bantul","PasarBantul","1","https://mam.jogjaprov.go.id:1937/cctv-bantul/PasarBantul.stream/playlist.m3u8","https://mam.jogjaprov.go.id/img/vid-thumb-360p.jpg","2023-04-10 07:10:32","2023-04-10 07:10:32"
3,"21ab4bf2-feb1-48a3-a8e7-7ada98c9ac49","cctv-bantul","TerminalImogiri02","0","https://mam.jogjaprov.go.id:1937/cctv-bantul/TerminalImogiri02.stream/playlist.m3u8","https://mam.jogjaprov.go.id/img/vid-thumb-360p.jpg","2023-04-10 07:10:33","2023-04-10 07:10:33"
4,"255ab060-be5f-49cd-9fd9-f16ec050d6d6","cctv-bantul","BunderanSrandakan","0","https://mam.jogjaprov.go.id:1937/cctv-bantul/BunderanSrandakan.stream/playlist.m3u8","https://mam.jogjaprov.go.id/img/vid-thumb-360p.jpg","2023-04-10 07:10:33","2023-04-10 07:10:33"
5,"3b201651-d059-4ec9-a396-8e1f1de4ff16","cctv-bantul","BendungKlegen","1","https://mam.jogjaprov.go.id:1937/cctv-bantul/BendungKlegen.stream/playlist.m3u8","https://mam.jogjaprov.go.id/img/vid-thumb-360p.jpg","2023-04-10 07:10:33","2023-04-10 07:10:33"
6,"45c6a274-0750-4f08-8352-6d018739c15d","cctv-bantul","Paseban","1","https://mam.jogjaprov.go.id:1937/cctv-bantul/Paseban.stream/playlist.m3u8","https://mam.jogjaprov.go.id/img/vid-thumb-360p.jpg","2023-04-10 07:10:34","2023-04-10 07:10:34"
7,"653c1239-e982-413e-9182-b23ee8028c1b","cctv-bantul","TPRParangtritis","1","https://mam.jogjaprov.go.id:1937/cctv-bantul/TPRParangtritis.stream/playlist.m3u8","https://mam.jogjaprov.go.id/img/vid-thumb-360p.jpg","2023-04-10 07:10:34","2023-04-10 07:10:34"
8,"699d0e6e-4554-432e-bc23-6a1c43802596","cctv-bantul","MasjidPajimatanImogiri","0","https://mam.jogjaprov.go.id:1937/cctv-bantul/MasjidPajimatanImogiri.stream/playlist.m3u8","https://mam.jogjaprov.go.id/img/vid-thumb-360p.jpg","2023-04-10 07:10:35","2023-04-10 07:10:35"
9,"6e68743b-91c2-4934-a0d0-d5713313bb30","cctv-bantul","BendungNiten","1","https://mam.jogjaprov.go.id:1937/cctv-bantul/BendungNiten.stream/playlist.m3u8","https://mam.jogjaprov.go.id/img/vid-thumb-360p.jpg","2023-04-10 07:10:35","2023-04-10 07:10:35"
10,"905e31d0-a58f-461f-b2d6-a0ac74a07a7a","cctv-bantul","TanggaPajimatanImogiri","1","https://mam.jogjaprov.go.id:1937/cctv-bantul/TanggaPajimatanImogiri.stream/playlist.m3u8","https://mam.jogjaprov.go.id/img/vid-thumb-360p.jpg","2023-04-10 07:10:36","2023-04-10 07:10:36"
11,"98ba1125-7e6f-4d30-9703-f2ae174f9efe","cctv-bantul","SupitUrangPajimatanImogiri","1","https://mam.jogjaprov.go.id:1937/cctv-bantul/SupitUrangPajimatanImogiri.stream/playlist.m3u8","https://mam.jogjaprov.go.id/img/vid-thumb-360p.jpg","2023-04-10 07:10:36","2023-04-10 07:10:36"
12,"b3c14180-5df3-44b3-95a0-0bf13d228b49","cctv-bantul","TerminalImogiri01","1","https://mam.jogjaprov.go.id:1937/cctv-bantul/TerminalImogiri01.stream/playlist.m3u8","https://mam.jogjaprov.go.id/img/vid-thumb-360p.jpg","2023-04-10 07:10:37","2023-04-10 07:10:37"
13,"2ec23774-fe7d-4a0d-adaf-54addc916995","cctv-kominfosleman","PANTAI_BARON","1","https://mam.jogjaprov.go.id:1937/cctv-kominfogk/PANTAI_BARON.stream/playlist.m3u8","https://mam.jogjaprov.go.id/img/vid-thumb-360p.jpg","2023-04-10 07:11:13","2023-04-10 07:11:13"
14,"30cf48b6-2735-4eb3-b0ed-3a9985c67ae3","cctv-kominfosleman","SIMPANG_4_TROWONO","0","https://mam.jogjaprov.go.id:1937/cctv-kominfogk/SIMPANG_4_TROWONO.stream/playlist.m3u8","https://mam.jogjaprov.go.id/img/vid-thumb-360p.jpg","2023-04-10 07:11:13","2023-04-10 07:11:13"
15,"49d43ede-8b4e-422d-80d5-ae1eae3b5b68","cctv-kominfosleman","JALAN_BARON_MULO","1","https://mam.jogjaprov.go.id:1937/cctv-kominfogk/JALAN_BARON_MULO.stream/playlist.m3u8","https://mam.jogjaprov.go.id/img/vid-thumb-360p.jpg","2023-04-10 07:11:13","2023-04-10 07:11:13"
16,"6b39ed04-7242-4621-a616-6ddc9c323a53","cctv-kominfosleman","JALAN_MANTHOUS_PLAYEN","0","https://mam.jogjaprov.go.id:1937/cctv-kominfogk/JALAN_MANTHOUS_PLAYEN.stream/playlist.m3u8","https://mam.jogjaprov.go.id/img/vid-thumb-360p.jpg","2023-04-10 07:11:13","2023-04-10 07:11:13"
17,"72ec0137-a011-4cd2-b2c3-71c39614fcec","cctv-kominfosleman","BUNDARAN_PLN","1","https://mam.jogjaprov.go.id:1937/cctv-kominfogk/BUNDARAN_PLN.stream/playlist.m3u8","https://mam.jogjaprov.go.id/img/vid-thumb-360p.jpg","2023-04-10 07:11:14","2023-04-10 07:11:14"
18,"76b5020f-3f27-4d33-92f0-89ff812281c3","cctv-kominfosleman","SIMPANG_4_GADING","1","https://mam.jogjaprov.go.id:1937/cctv-kominfogk/SIMPANG_4_GADING.stream/playlist.m3u8","https://mam.jogjaprov.go.id/img/vid-thumb-360p.jpg","2023-04-10 07:11:14","2023-04-10 07:11:14"
19,"7e1ef527-972a-4a5f-9d83-4145ae592d2f","cctv-kominfosleman","SIMPANG_4_PATUK","0","https://mam.jogjaprov.go.id:1937/cctv-kominfogk/SIMPANG_4_PATUK.stream/playlist.m3u8","https://mam.jogjaprov.go.id/img/vid-thumb-360p.jpg","2023-04-10 07:11:14","2023-04-10 07:11:14"
20,"8a1b612d-d7e0-4fb3-ba13-6cc9940db96b","cctv-kominfosleman","TUGU_SELAMAT_DATANG_GK","1","https://mam.jogjaprov.go.id:1937/cctv-kominfogk/TUGU_SELAMAT_DATANG_GK.stream/playlist.m3u8","https://mam.jogjaprov.go.id/img/vid-thumb-360p.jpg","2023-04-10 07:11:14","2023-04-10 07:11:14"
21,"8fac247a-dbb6-407e-9f19-1ec89e58f2ea","cctv-kominfosleman","SIMPANG_3_AMIGO","1","https://mam.jogjaprov.go.id:1937/cctv-kominfogk/SIMPANG_3_AMIGO.stream/playlist.m3u8","https://mam.jogjaprov.go.id/img/vid-thumb-360p.jpg","2023-04-10 07:11:14","2023-04-10 07:11:14"
22,"95275779-8726-45a8-ba54-e4d08f17d6c5","cctv-kominfosleman","JALAN_NASIONAL_III_PLAYEN","1","https://mam.jogjaprov.go.id:1937/cctv-kominfogk/JALAN_NASIONAL_III_PLAYEN.stream/playlist.m3u8","https://mam.jogjaprov.go.id/img/vid-thumb-360p.jpg","2023-04-10 07:11:14","2023-04-10 07:11:14"
23,"9653d18c-a8d8-44d9-b8b3-118f43686f52","cctv-kominfosleman","BUNDERAN_SIYONO","0","https://mam.jogjaprov.go.id:1937/cctv-kominfogk/BUNDERAN_SIYONO.stream/playlist.m3u8","https://mam.jogjaprov.go.id/img/vid-thumb-360p.jpg","2023-04-10 07:11:15","2023-04-10 07:11:15"
24,"9b7e0583-aace-4fcd-a83f-139605b1fe06","cctv-kominfosleman","SIMPANG_3_PLAYEN","1","https://mam.jogjaprov.go.id:1937/cctv-kominfogk/SIMPANG_3_PLAYEN.stream/playlist.m3u8","https://mam.jogjaprov.go.id/img/vid-thumb-360p.jpg","2023-04-10 07:11:15","2023-04-10 07:11:15"
25,"ebe25aff-e2aa-404c-bf99-8b08090c8ac4","cctv-kominfosleman","SIMPANG_4_RSUD_WONOSARI","1","https://mam.jogjaprov.go.id:1937/cctv-kominfogk/SIMPANG_4_RSUD_WONOSARI.stream/playlist.m3u8","https://mam.jogjaprov.go.id/img/vid-thumb-360p.jpg","2023-04-10 07:11:15","2023-04-10 07:11:15"
26,"efb1e4d1-ed8f-4c0a-a8fe-f4c5072efd41","cctv-kominfosleman","ALUN-ALUN_WONOSARI","0","https://mam.jogjaprov.go.id:1937/cctv-kominfogk/ALUN-ALUN_WONOSARI.stream/playlist.m3u8","https://mam.jogjaprov.go.id/img/vid-thumb-360p.jpg","2023-04-10 07:11:15","2023-04-10 07:11:15"
27,"fa9450ea-7903-4853-ba9a-8066cb91b4f0","cctv-kominfosleman","PANTAI_KUKUP","1","https://mam.jogjaprov.go.id:1937/cctv-kominfogk/PANTAI_KUKUP.stream/playlist.m3u8","https://mam.jogjaprov.go.id/img/vid-thumb-360p.jpg","2023-04-10 07:11:15","2023-04-10 07:11:15"
28,"00ea24c7-c2a0-459b-a416-24f6fc110697","cctv-kota","ParkiranNgabean","0","https://mam.jogjaprov.go.id:1937/atcs-kota/ParkiranNgabean.stream/playlist.m3u8","https://mam.jogjaprov.go.id/img/vid-thumb-360p.jpg","2023-04-10 07:11:22","2023-04-10 07:11:22"
29,"02469639-5234-4f3b-92e3-8421020a999f","cctv-kota","Simpang_Pingit3","1","https://mam.jogjaprov.go.id:1937/atcs-kota/Simpang_Pingit3.stream/playlist.m3u8","https://mam.jogjaprov.go.id/img/vid-thumb-360p.jpg","2023-04-10 07:11:22","2023-04-10 07:11:22"
30,"084ca2c6-eddd-4f86-9d68-ce4acf014d6d","cctv-kota","SimpangTerbanUtara","1","https://mam.jogjaprov.go.id:1937/atcs-kota/SimpangTerbanUtara.stream/playlist.m3u8","https://mam.jogjaprov.go.id/img/vid-thumb-360p.jpg","2023-04-10 07:11:22","2023-04-10 07:11:22"
31,"08a3f26a-ca18-4c70-b3d7-6f62d338a069","cctv-kota","Jlagran","0","https://mam.jogjaprov.go.id:1937/atcs-kota/Jlagran.stream/playlist.m3u8","https://mam.jogjaprov.go.id/img/vid-thumb-360p.jpg","2023-04-10 07:11:23","2023-04-10 07:11:23"
32,"0b41c011-4f97-410d-99c8-fe56d890b65b","cctv-kota","SimpangDemanganSelatan","1","https://mam.jogjaprov.go.id:1937/atcs-kota/SimpangDemanganSelatan.stream/playlist.m3u8","https://mam.jogjaprov.go.id/img/vid-thumb-360p.jpg","2023-04-10 07:11:23","2023-04-10 07:11:23"
33,"1150991e-c341-4147-a973-1c69848762ff","cctv-kota","SimpangDeBritto","1","https://mam.jogjaprov.go.id:1937/atcs-kota/SimpangDeBritto.stream/playlist.m3u8","https://mam.jogjaprov.go.id/img/vid-thumb-360p.jpg","2023-04-10 07:11:23","2023-04-10 07:11:23"
34,"160cf4f8-76fc-45bd-b89c-7efa467f8cd1","cctv-kota","Gondomanan","0","https://mam.jogjaprov.go.id:1937/atcs-kota/Gondomanan.stream/playlist.m3u8","https://mam.jogjaprov.go.id/img/vid-thumb-360p.jpg","2023-04-10 07:11:23","2023-04-10 07:11:23"
35,"1667432e-fcef-4bb3-b48a-b7143cc0e401","cctv-kota","Simpang_PasarGading2","1","https://mam.jogjaprov.go.id:1937/atcs-kota/Simpang_PasarGading2.stream/playlist.m3u8","https://mam.jogjaprov.go.id/img/vid-thumb-360p.jpg","2023-04-10 07:11:23","2023-04-10 07:11:23"
36,"1c172459-3b5a-41dc-aedc-6f03dd056a8f","cctv-kota","SimpangBorobudurPlaza","1","https://mam.jogjaprov.go.id:1937/atcs-kota/SimpangBorobudurPlaza.stream/playlist.m3u8","https://mam.jogjaprov.go.id/img/vid-thumb-360p.jpg","2023-04-10 07:11:23","2023-04-10 07:11:23"
37,"2533ef3d-4087-494e-b876-005c2bf2444a","cctv-kota","SimpangGaleriaTImurSelatan","1","https://mam.jogjaprov.go.id:1937/atcs-kota/SimpangGaleriaTImurSelatan.stream/playlist.m3u8","https://mam.jogjaprov.go.id/img/vid-thumb-360p.jpg","2023-04-10 07:11:23","2023-04-10 07:11:23"
38,"26fbb2b8-ecfc-4030-b627-e37896e856b4","cctv-kota","Jetis","1","https://mam.jogjaprov.go.id:1937/atcs-kota/Jetis.stream/playlist.m3u8","https://mam.jogjaprov.go.id/img/vid-thumb-360p.jpg","2023-04-10 07:11:23","2023-04-10 07:11:23"
39,"272da8cc-6bb1-440d-b624-7d178108baa6","cctv-kota","SimpangAmongrogoTimur","1","https://mam.jogjaprov.go.id:1937/atcs-kota/SimpangAmongrogoTimur.stream/playlist.m3u8","https://mam.jogjaprov.go.id/img/vid-thumb-360p.jpg","2023-04-10 07:11:23","2023-04-10 07:11:23"
40,"2a57d9bb-8ce9-4644-9799-2ddf184126fe","cctv-kota","Sentul","1","https://mam.jogjaprov.go.id:1937/atcs-kota/Sentul.stream/playlist.m3u8","https://mam.jogjaprov.go.id/img/vid-thumb-360p.jpg","2023-04-10 07:11:24","2023-04-10 07:11:24"
41,"2cafef88-345d-45ce-851c-884c386d6df9","cctv-kota","Simpang_Pingit2","1","https://mam.jogjaprov.go.id:1937/atcs-kota/Simpang_Pingit2.stream/playlist.m3u8","https://mam.jogjaprov.go.id/img/vid-thumb-360p.jpg","2023-04-10 07:11:24","2023-04-10 07:11:24"
42,"33189ed4-03a4-4c36-b04d-7a0e0c365299","cctv-kota","Wirobrajan","1","https://mam.jogjaprov.go.id:1937/atcs-kota/Wirobrajan.stream/playlist.m3u8","https://mam.jogjaprov.go.id/img/vid-thumb-360p.jpg","2023-04-10 07:11:24","2023-04-10 07:11:24"
43,"01326805-214e-409f-8945-39a6c030b9b7","cctv-kp","Maguwoharjo1","0","https://mam.jogjaprov.go.id:1937/cctv-kominfosleman/Maguwoharjo1.stream/playlist.m3u8","https://mam.jogjaprov.go.id/img/vid-thumb-360p.jpg","2023-04-10 07:11:30","2023-04-10 07:11:30"
44,"0cd90e3d-527a-41fc-9ff3-153a91549322","cctv-kp","Sidomoyo_Utara","1","https://mam.jogjaprov.go.id:1937/cctv-kominfosleman/Sidomoyo_Utara.stream/playlist.m3u8","https://mam.jogjaprov.go.id/img/vid-thumb-360p.jpg","2023-04-10 07:11:30","2023-04-10 07:11:30"
45,"1717fdd9-96d3-444b-9d4e-49bf9bf0929f","cctv-kp","Selomartani_Utara","1","https://mam.jogjaprov.go.id:1937/cctv-kominfosleman/Selomartani_Utara.stream/playlist.m3u8","https://mam.jogjaprov.go.id/img/vid-thumb-360p.jpg","2023-04-10 07:11:30","2023-04-10 07:11:30"
46,"2187954f-3884-420a-80f5-40f33cc6df46","cctv-kp","Perempatan_PasarStan","0","https://mam.jogjaprov.go.id:1937/cctv-kominfosleman/Perempatan_PasarStan.stream/playlist.m3u8","https://mam.jogjaprov.go.id/img/vid-thumb-360p.jpg","2023-04-10 07:11:30","2023-04-10 07:11:30"
47,"4220f2da-422f-4b87-83e3-ab23fae670cf","cctv-kp","Tirtoadi_Selatan","1","https://mam.jogjaprov.go.id:1937/cctv-kominfosleman/Tirtoadi_Selatan.stream/playlist.m3u8","https://mam.jogjaprov.go.id/img/vid-thumb-360p.jpg","2023-04-10 07:11:30","2023-04-10 07:11:30"
48,"4ec13b40-345d-439f-8310-8e25c55ee815","cctv-kp","Perempatan_Godean","1","https://mam.jogjaprov.go.id:1937/cctv-kominfosleman/Perempatan_Godean.stream/playlist.m3u8","https://mam.jogjaprov.go.id/img/vid-thumb-360p.jpg","2023-04-10 07:11:30","2023-04-10 07:11:30"
49,"64231447-0fec-4799-b883-776037e33406","cctv-kp","Selomartani_Selatan","1","https://mam.jogjaprov.go.id:1937/cctv-kominfosleman/Selomartani_Selatan.stream/playlist.m3u8","https://mam.jogjaprov.go.id/img/vid-thumb-360p.jpg","2023-04-10 07:11:30","2023-04-10 07:11:30"
50,"73a8a719-4b5f-41ad-95d2-43bdc309ccc8","cctv-kp","Babarsari2","1","https://mam.jogjaprov.go.id:1937/cctv-kominfosleman/Babarsari2.stream/playlist.m3u8","https://mam.jogjaprov.go.id/img/vid-thumb-360p.jpg","2023-04-10 07:11:30","2023-04-10 07:11:30"
51,"92364afc-ac24-4143-a439-757816cca583","cctv-kp","Maguwoharjo3","1","https://mam.jogjaprov.go.id:1937/cctv-kominfosleman/Maguwoharjo3.stream/playlist.m3u8","https://mam.jogjaprov.go.id/img/vid-thumb-360p.jpg","2023-04-10 07:11:31","2023-04-10 07:11:31"
52,"9517cfa5-bbac-49a3-93fd-377a75b95c96","cctv-kp","Sidomoyo_Selatan","1","https://mam.jogjaprov.go.id:1937/cctv-kominfosleman/Sidomoyo_Selatan.stream/playlist.m3u8","https://mam.jogjaprov.go.id/img/vid-thumb-360p.jpg","2023-04-10 07:11:31","2023-04-10 07:11:31"
53,"ac4d649b-e3bb-4b03-9986-c3ca9449c10a","cctv-kp","Banyurejo_Selatan","1","https://mam.jogjaprov.go.id:1937/cctv-kominfosleman/Banyurejo_Selatan.stream/playlist.m3u8","https://mam.jogjaprov.go.id/img/vid-thumb-360p.jpg","2023-04-10 07:11:31","2023-04-10 07:11:31"
54,"b77a6f58-145c-492e-babd-be66f2a37126","cctv-kp","Bantulan_Selatan","0","https://mam.jogjaprov.go.id:1937/cctv-kominfosleman/Bantulan_Selatan.stream/playlist.m3u8","https://mam.jogjaprov.go.id/img/vid-thumb-360p.jpg","2023-04-10 07:11:31","2023-04-10 07:11:31"
55,"c3395c50-974f-46dc-bec4-166fb50788aa","cctv-kp","Maguwoharjo6","1","https://mam.jogjaprov.go.id:1937/cctv-kominfosleman/Maguwoharjo6.stream/playlist.m3u8","https://mam.jogjaprov.go.id/img/vid-thumb-360p.jpg","2023-04-10 07:11:31","2023-04-10 07:11:31"
56,"c4fc04c7-8aff-4690-acec-12b52af4cd11","cctv-kp","Munggur2","1","https://mam.jogjaprov.go.id:1937/cctv-kominfosleman/Munggur2.stream/playlist.m3u8","https://mam.jogjaprov.go.id/img/vid-thumb-360p.jpg","2023-04-10 07:11:31","2023-04-10 07:11:31"
57,"c521088a-40e1-40d2-a959-d1c3a39b30e1","cctv-kp","Maguwoharjo2","1","https://mam.jogjaprov.go.id:1937/cctv-kominfosleman/Maguwoharjo2.stream/playlist.m3u8","https://mam.jogjaprov.go.id/img/vid-thumb-360p.jpg","2023-04-10 07:11:31","2023-04-10 07:11:31"
58,"69965de7-f366-459a-be58-84bee8824b23","cctv-uptmalioboro","KaliBuntung2","1","https://mam.jogjaprov.go.id:1937/cctv-sungai/KaliBuntung2.stream/playlist.m3u8","https://mam.jogjaprov.go.id/img/vid-thumb-360p.jpg","2023-04-10 07:11:44","2023-04-10 07:11:44"
59,"77742bb3-9499-4955-8051-92b1634bc58d","cctv-uptmalioboro","KaliNgentak","1","https://mam.jogjaprov.go.id:1937/cctv-sungai/KaliNgentak.stream/playlist.m3u8","https://mam.jogjaprov.go.id/img/vid-thumb-360p.jpg","2023-04-10 07:11:44","2023-04-10 07:11:44"
60,"92683fea-e1e3-4e2f-8164-8c69ae02c7d7","cctv-uptmalioboro","KaliGajahWong2","1","https://mam.jogjaprov.go.id:1937/cctv-sungai/KaliGajahWong2.stream/playlist.m3u8","https://mam.jogjaprov.go.id/img/vid-thumb-360p.jpg","2023-04-10 07:11:44","2023-04-10 07:11:44"
61,"b890b31e-49e0-4d08-b1bd-06c54828919c","cctv-uptmalioboro","KaliGajahWong1","1","https://mam.jogjaprov.go.id:1937/cctv-sungai/KaliGajahWong1.stream/playlist.m3u8","https://mam.jogjaprov.go.id/img/vid-thumb-360p.jpg","2023-04-10 07:11:44","2023-04-10 07:11:44"
62,"ba8cd6af-c633-40df-ad5c-ede0170ba97f","cctv-uptmalioboro","KaliWinongo1","1","https://mam.jogjaprov.go.id:1937/cctv-sungai/KaliWinongo1.stream/playlist.m3u8","https://mam.jogjaprov.go.id/img/vid-thumb-360p.jpg","2023-04-10 07:11:44","2023-04-10 07:11:44"
63,"c769e210-470a-4224-aae2-656d1628b01b","cctv-uptmalioboro","KaliBuntung1","1","https://mam.jogjaprov.go.id:1937/cctv-sungai/KaliBuntung1.stream/playlist.m3u8","https://mam.jogjaprov.go.id/img/vid-thumb-360p.jpg","2023-04-10 07:11:44","2023-04-10 07:11:44"
64,"dc8cb2a8-295e-4aed-9a64-7f8dc2a364d2","cctv-uptmalioboro","KaliSegoroAmarto","0","https://mam.jogjaprov.go.id:1937/cctv-sungai/KaliSegoroAmarto.stream/playlist.m3u8","https://mam.jogjaprov.go.id/img/vid-thumb-360p.jpg","2023-04-10 07:11:44","2023-04-10 07:11:44"
65,"0ec5bf74-1b40-4792-8616-c3fbd51970e9","cctv-public","TetegWetan","0","https://mam.jogjaprov.go.id:1937/cctv-kp/TetegWetan.stream/playlist.m3u8","https://mam.jogjaprov.go.id/img/vid-thumb-360p.jpg","2023-04-10 07:11:58","2023-04-10 07:11:58"
66,"11e68fbc-fe7f-4573-820c-19eeeb2cc055","cctv-public","LapanganBasket","1","https://mam.jogjaprov.go.id:1937/cctv-kp/LapanganBasket.stream/playlist.m3u8","https://mam.jogjaprov.go.id/img/vid-thumb-360p.jpg","2023-04-10 07:11:58","2023-04-10 07:11:58"
67,"1506c842-3554-4d32-ae00-867294e48e2d","cctv-public","WanaWil","1","https://mam.jogjaprov.go.id:1937/cctv-kp/WanaWil.stream/playlist.m3u8","https://mam.jogjaprov.go.id/img/vid-thumb-360p.jpg","2023-04-10 07:11:59","2023-04-10 07:11:59"
68,"293127b4-5207-4ddb-99f9-f0b961b13a15","cctv-public","HalamanMediaCenter","1","https://mam.jogjaprov.go.id:1937/cctv-kp/HalamanMediaCenter.stream/playlist.m3u8","https://mam.jogjaprov.go.id/img/vid-thumb-360p.jpg","2023-04-10 07:11:59","2023-04-10 07:11:59"
69,"506873a8-a7c2-4b5f-8d30-d87464ba5c19","cctv-public","AlunAlunUtara1","1","https://mam.jogjaprov.go.id:1937/cctv-kp/AlunAlunUtara1.stream/playlist.m3u8","https://mam.jogjaprov.go.id/img/vid-thumb-360p.jpg","2023-04-10 07:11:59","2023-04-10 07:11:59"
70,"6aba4799-b8eb-45f4-82af-a96c10633a31","cctv-public","HalamanPemda","0","https://mam.jogjaprov.go.id:1937/cctv-kp/HalamanPemda.stream/playlist.m3u8","https://mam.jogjaprov.go.id/img/vid-thumb-360p.jpg","2023-04-10 07:11:59","2023-04-10 07:11:59"
71,"83b04e25-95c2-4148-8273-c83b9c6402ae","cctv-public","PojokTamanBermain","1","https://mam.jogjaprov.go.id:1937/cctv-kp/PojokTamanBermain.stream/playlist.m3u8","https://mam.jogjaprov.go.id/img/vid-thumb-360p.jpg","2023-04-10 07:11:59","2023-04-10 07:11:59"
72,"93bb3adf-a2ba-42f4-95a6-2d3a46a5c11a","cctv-public","TetegKulon","1","https://mam.jogjaprov.go.id:1937/cctv-kp/TetegKulon.stream/playlist.m3u8","https://mam.jogjaprov.go.id/img/vid-thumb-360p.jpg","2023-04-10 07:11:59","2023-04-10 07:11:59"
73,"997d94b3-4c1f-434d-a0aa-03e0f54803aa","cctv-public","RBRA","1","https://mam.jogjaprov.go.id:1937/cctv-kp/RBRA.stream/playlist.m3u8","https://mam.jogjaprov.go.id/img/vid-thumb-360p.jpg","2023-04-10 07:11:59","2023-04-10 07:11:59"
74,"a09262fd-8991-4aa3-b2b9-dbafe7037d1d","cctv-public","Karangnongko","0","https://mam.jogjaprov.go.id:1937/cctv-kp/Karangnongko.stream/playlist.m3u8","https://mam.jogjaprov.go.id/img/vid-thumb-360p.jpg","2023-04-10 07:11:59","2023-04-10 07:11:59"
75,"b082aa68-109a-468e-8434-f2427fa8acae","cctv-public","Terminal","1","https://mam.jogjaprov.go.id:1937/cctv-kp/Terminal.stream/playlist.m3u8","https://mam.jogjaprov.go.id/img/vid-thumb-360p.jpg","2023-04-10 07:11:59","2023-04-10 07:11:59"
76,"b565f4a5-b57d-4a63-915c-78a10f1189be","cctv-public","TamanPemda","1","https://mam.jogjaprov.go.id:1937/cctv-kp/TamanPemda.stream/playlist.m3u8","https://mam.jogjaprov.go.id/img/vid-thumb-360p.jpg","2023-04-10 07:12:00","2023-04-10 07:12:00"
77,"d8a37efb-11f3-49b9-b296-b1cd3144fae4","cctv-public","LabKes","0","https://mam.jogjaprov.go.id:1937/cctv-kp/LabKes.stream/playlist.m3u8","https://mam.jogjaprov.go.id/img/vid-thumb-360p.jpg","2023-04-10 07:12:00","2023-04-10 07:12:00"
78,"da700068-70a2-4751-b791-59aed492de89","cctv-public","AlunAlunSelatan3","1","https://mam.jogjaprov.go.id:1937/cctv-kp/AlunAlunSelatan3.stream/playlist.m3u8","https://mam.jogjaprov.go.id/img/vid-thumb-360p.jpg","2023-04-10 07:12:00","2023-04-10 07:12:00"
79,"dddf87fe-63d5-471a-a407-4d27e5e5c848","cctv-public","AirMancur","1","https://mam.jogjaprov.go.id:1937/cctv-kp/AirMancur.stream/playlist.m3u8","https://mam.jogjaprov.go.id/img/vid-thumb-360p.jpg","2023-04-10 07:12:00","2023-04-10 07:12:00"
80,"17cea765-1e21-4f2c-9dce-7bc4a572fd13","cctv-sleman","ViewNolKilo","1","https://mam.jogjaprov.go.id:1937/cctv-public/ViewNolKilo.stream/playlist.m3u8","https://mam.jogjaprov.go.id/img/vid-thumb-360p.jpg","2023-04-10 07:12:05","2023-04-10 07:12:05"
81,"2cfb6599-2a7a-43cc-8177-6237fbd63067","cctv-sleman","ViewStasiunTugu","1","https://mam.jogjaprov.go.id:1937/cctv-public/ViewStasiunTugu.stream/playlist.m3u8","https://mam.jogjaprov.go.id/img/vid-thumb-360p.jpg","2023-04-10 07:12:05","2023-04-10 07:12:05"
82,"53645d58-da82-461f-8349-9cb2aaa3a1cf","cctv-sleman","ViewDepanGaruda","1","https://mam.jogjaprov.go.id:1937/cctv-public/ViewDepanGaruda.stream/playlist.m3u8","https://mam.jogjaprov.go.id/img/vid-thumb-360p.jpg","2023-04-10 07:12:05","2023-04-10 07:12:05"
83,"56c52658-7bda-420e-88c7-8e89e552fb2c","cctv-sleman","ViewMangunan","1","https://mam.jogjaprov.go.id:1937/cctv-public/ViewMangunan.stream/playlist.m3u8","https://mam.jogjaprov.go.id/img/vid-thumb-360p.jpg","2023-04-10 07:12:05","2023-04-10 07:12:05"
84,"7a35282b-7110-4352-9836-98ed81ea757c","cctv-sleman","ViewAlunAlunKidul","1","https://mam.jogjaprov.go.id:1937/cctv-public/ViewAlunAlunKidul.stream/playlist.m3u8","https://mam.jogjaprov.go.id/img/vid-thumb-360p.jpg","2023-04-10 07:12:05","2023-04-10 07:12:05"
85,"87e72347-ea36-4ccd-a7cf-92ee8b8d6fd1","cctv-sleman","ViewDepanBeringharjo","1","https://mam.jogjaprov.go.id:1937/cctv-public/ViewDepanBeringharjo.stream/playlist.m3u8","https://mam.jogjaprov.go.id/img/vid-thumb-360p.jpg","2023-04-10 07:12:05","2023-04-10 07:12:05"
86,"8982d1b9-fd75-499b-9178-4abc665fca57","cctv-sleman","ViewBaronBarat","1","https://mam.jogjaprov.go.id:1937/cctv-public/ViewBaronBarat.stream/playlist.m3u8","https://mam.jogjaprov.go.id/img/vid-thumb-360p.jpg","2023-04-10 07:12:05","2023-04-10 07:12:05"
87,"94f8c56a-4775-4484-b064-d73228d65870","cctv-sleman","ViewSimpangTugu","1","https://mam.jogjaprov.go.id:1937/cctv-public/ViewSimpangTugu.stream/playlist.m3u8","https://mam.jogjaprov.go.id/img/vid-thumb-360p.jpg","2023-04-10 07:12:06","2023-04-10 07:12:06"
88,"9b04070c-d6a5-4566-bf4c-b4087d2ec810","cctv-sleman","ViewNglanggeran","1","https://mam.jogjaprov.go.id:1937/cctv-public/ViewNglanggeran.stream/playlist.m3u8","https://mam.jogjaprov.go.id/img/vid-thumb-360p.jpg","2023-04-10 07:12:06","2023-04-10 07:12:06"
89,"a229be72-83de-4f10-8522-2c1703399637","cctv-sleman","ViewGunungMerapi","1","https://mam.jogjaprov.go.id:1937/cctv-public/ViewGunungMerapi.stream/playlist.m3u8","https://mam.jogjaprov.go.id/img/vid-thumb-360p.jpg","2023-04-10 07:12:06","2023-04-10 07:12:06"
90,"a4be1d9d-6b1c-40d3-b3dc-3212e607f5e7","cctv-sleman","ViewBreksi","1","https://mam.jogjaprov.go.id:1937/cctv-public/ViewBreksi.stream/playlist.m3u8","https://mam.jogjaprov.go.id/img/vid-thumb-360p.jpg","2023-04-10 07:12:06","2023-04-10 07:12:06"
91,"aca1bee7-a22d-431e-b472-e78b826026c4","cctv-sleman","ViewMalioboro","1","https://mam.jogjaprov.go.id:1937/cctv-public/ViewMalioboro.stream/playlist.m3u8","https://mam.jogjaprov.go.id/img/vid-thumb-360p.jpg","2023-04-10 07:12:06","2023-04-10 07:12:06"
92,"c44d5025-d146-4bed-968c-33d0ff2788e4","cctv-sleman","ViewParangtritis","1","https://mam.jogjaprov.go.id:1937/cctv-public/ViewParangtritis.stream/playlist.m3u8","https://mam.jogjaprov.go.id/img/vid-thumb-360p.jpg","2023-04-10 07:12:06","2023-04-10 07:12:06"
93,"c755679f-cf7b-46cd-b9e1-99bea9e99767","cctv-sleman","ViewCandiPrambanan","1","https://mam.jogjaprov.go.id:1937/cctv-public/ViewCandiPrambanan.stream/playlist.m3u8","https://mam.jogjaprov.go.id/img/vid-thumb-360p.jpg","2023-04-10 07:12:06","2023-04-10 07:12:06"
94,"cbf295a8-a28e-460f-891e-9c87c844f52d","cctv-sleman","ViewDepanMall","1","https://mam.jogjaprov.go.id:1937/cctv-public/ViewDepanMall.stream/playlist.m3u8","https://mam.jogjaprov.go.id/img/vid-thumb-360p.jpg","2023-04-10 07:12:06","2023-04-10 07:12:06"
95,"0184c3a1-b1e5-432d-b509-3a943d7dd6f8","cctv-sungai","SimpangTajem","0","https://mam.jogjaprov.go.id:1937/cctv-sleman/SimpangTajem.stream/playlist.m3u8","https://mam.jogjaprov.go.id/img/vid-thumb-360p.jpg","2023-04-10 07:12:12","2023-04-10 07:12:12"
96,"02f3791d-7fe6-4905-9921-c6b0f724d6b8","cctv-sungai","SimpangUNY","0","https://mam.jogjaprov.go.id:1937/cctv-sleman/SimpangUNY.stream/playlist.m3u8","https://mam.jogjaprov.go.id/img/vid-thumb-360p.jpg","2023-04-10 07:12:13","2023-04-10 07:12:13"
97,"14f2fd55-7ece-49a4-80cb-91365e7d8d35","cctv-sungai","SimpangKolombo2","1","https://mam.jogjaprov.go.id:1937/cctv-sleman/SimpangKolombo2.stream/playlist.m3u8","https://mam.jogjaprov.go.id/img/vid-thumb-360p.jpg","2023-04-10 07:12:13","2023-04-10 07:12:13"
98,"31ad7186-cfc9-4d40-86b8-1e29297f7956","cctv-sungai","SimpangPamungkas","0","https://mam.jogjaprov.go.id:1937/cctv-sleman/SimpangPamungkas.stream/playlist.m3u8","https://mam.jogjaprov.go.id/img/vid-thumb-360p.jpg","2023-04-10 07:12:13","2023-04-10 07:12:13"
99,"56c1da90-9a8e-4744-af44-6ee2a4f28b7d","cctv-sungai","SimpangPasarStan","0","https://mam.jogjaprov.go.id:1937/cctv-sleman/SimpangPasarStan.stream/playlist.m3u8","https://mam.jogjaprov.go.id/img/vid-thumb-360p.jpg","2023-04-10 07:12:13","2023-04-10 07:12:13"
100,"8987b5fa-666d-4731-8010-48f7332a4e87","cctv-sungai","SimpangSantikara2","1","https://mam.jogjaprov.go.id:1937/cctv-sleman/SimpangSantikara2.stream/playlist.m3u8","https://mam.jogjaprov.go.id/img/vid-thumb-360p.jpg","2023-04-10 07:12:13","2023-04-10 07:12:13"
101,"c40717f6-e497-467b-a0d2-fb8621d511ef","cctv-sungai","SimpangNgablak","0","https://mam.jogjaprov.go.id:1937/cctv-sleman/SimpangNgablak.stream/playlist.m3u8","https://mam.jogjaprov.go.id/img/vid-thumb-360p.jpg","2023-04-10 07:12:13","2023-04-10 07:12:13"
102,"e35820ce-297b-46f8-91fb-4b0f60522079","cctv-sungai","SimpangSantikara1","1","https://mam.jogjaprov.go.id:1937/cctv-sleman/SimpangSantikara1.stream/playlist.m3u8","https://mam.jogjaprov.go.id/img/vid-thumb-360p.jpg","2023-04-10 07:12:13","2023-04-10 07:12:13"
103,"ff23d2ab-a9f7-49ed-83ab-e8eea416e085","cctv-sungai","SimpangKolombo1","1","https://mam.jogjaprov.go.id:1937/cctv-sleman/SimpangKolombo1.stream/playlist.m3u8","https://mam.jogjaprov.go.id/img/vid-thumb-360p.jpg","2023-04-10 07:12:13","2023-04-10 07:12:13"
