id,kode_kabupaten_kota,kode_provinsi,kondisi_hutan,luas_hutan,nama_kabupaten_kota,nama_provinsi,satuan,tahun
1,3201,32,BAIK,0,KABUPATEN BOGOR,JAWA BARAT,HEKTAR,2014
2,3201,32,SEDANG,0,KABUPATEN BOGOR,JAWA BARAT,HEKTAR,2014
3,3201,32,RUSAK,0,KABUPATEN BOGOR,JAWA BARAT,HEKTAR,2014
4,3201,32,REHABILITASI,0,KABUPATEN BOGOR,JAWA BARAT,HEKTAR,2014
5,3201,32,BERUBAH FUNGSI,0,KABUPATEN BOGOR,JAWA BARAT,HEKTAR,2014
6,3202,32,BAIK,0,KABUPATEN SUKABUMI,JAWA BARAT,HEKTAR,2014
7,3202,32,SEDANG,0,KABUPATEN SUKABUMI,JAWA BARAT,HEKTAR,2014
8,3202,32,RUSAK,0,KABUPATEN SUKABUMI,JAWA BARAT,HEKTAR,2014
9,3202,32,REHABILITASI,0,KABUPATEN SUKABUMI,JAWA BARAT,HEKTAR,2014
10,3202,32,BERUBAH FUNGSI,0,KABUPATEN SUKABUMI,JAWA BARAT,HEKTAR,2014
11,3203,32,BAIK,0,KABUPATEN CIANJUR,JAWA BARAT,HEKTAR,2014
12,3203,32,SEDANG,0,KABUPATEN CIANJUR,JAWA BARAT,HEKTAR,2014
13,3203,32,RUSAK,0,KABUPATEN CIANJUR,JAWA BARAT,HEKTAR,2014
14,3203,32,REHABILITASI,0,KABUPATEN CIANJUR,JAWA BARAT,HEKTAR,2014
15,3203,32,BERUBAH FUNGSI,0,KABUPATEN CIANJUR,JAWA BARAT,HEKTAR,2014
16,3204,32,BAIK,0,KABUPATEN BANDUNG,JAWA BARAT,HEKTAR,2014
17,3204,32,SEDANG,0,KABUPATEN BANDUNG,JAWA BARAT,HEKTAR,2014
18,3204,32,RUSAK,0,KABUPATEN BANDUNG,JAWA BARAT,HEKTAR,2014
19,3204,32,REHABILITASI,0,KABUPATEN BANDUNG,JAWA BARAT,HEKTAR,2014
20,3204,32,BERUBAH FUNGSI,0,KABUPATEN BANDUNG,JAWA BARAT,HEKTAR,2014
21,3205,32,BAIK,0,KABUPATEN GARUT,JAWA BARAT,HEKTAR,2014
22,3205,32,SEDANG,0,KABUPATEN GARUT,JAWA BARAT,HEKTAR,2014
23,3205,32,RUSAK,0,KABUPATEN GARUT,JAWA BARAT,HEKTAR,2014
24,3205,32,REHABILITASI,0,KABUPATEN GARUT,JAWA BARAT,HEKTAR,2014
25,3205,32,BERUBAH FUNGSI,0,KABUPATEN GARUT,JAWA BARAT,HEKTAR,2014
26,3206,32,BAIK,0,KABUPATEN TASIKMALAYA,JAWA BARAT,HEKTAR,2014
27,3206,32,SEDANG,0,KABUPATEN TASIKMALAYA,JAWA BARAT,HEKTAR,2014
28,3206,32,RUSAK,0,KABUPATEN TASIKMALAYA,JAWA BARAT,HEKTAR,2014
29,3206,32,REHABILITASI,0,KABUPATEN TASIKMALAYA,JAWA BARAT,HEKTAR,2014
30,3206,32,BERUBAH FUNGSI,0,KABUPATEN TASIKMALAYA,JAWA BARAT,HEKTAR,2014
31,3207,32,BAIK,0,KABUPATEN CIAMIS,JAWA BARAT,HEKTAR,2014
32,3207,32,SEDANG,0,KABUPATEN CIAMIS,JAWA BARAT,HEKTAR,2014
33,3207,32,RUSAK,0,KABUPATEN CIAMIS,JAWA BARAT,HEKTAR,2014
34,3207,32,REHABILITASI,0,KABUPATEN CIAMIS,JAWA BARAT,HEKTAR,2014
35,3207,32,BERUBAH FUNGSI,0,KABUPATEN CIAMIS,JAWA BARAT,HEKTAR,2014
36,3208,32,BAIK,0,KABUPATEN KUNINGAN,JAWA BARAT,HEKTAR,2014
37,3208,32,SEDANG,0,KABUPATEN KUNINGAN,JAWA BARAT,HEKTAR,2014
38,3208,32,RUSAK,0,KABUPATEN KUNINGAN,JAWA BARAT,HEKTAR,2014
39,3208,32,REHABILITASI,0,KABUPATEN KUNINGAN,JAWA BARAT,HEKTAR,2014
40,3208,32,BERUBAH FUNGSI,0,KABUPATEN KUNINGAN,JAWA BARAT,HEKTAR,2014
41,3209,32,BAIK,13000,KABUPATEN CIREBON,JAWA BARAT,HEKTAR,2014
42,3209,32,SEDANG,1000,KABUPATEN CIREBON,JAWA BARAT,HEKTAR,2014
43,3209,32,RUSAK,2000,KABUPATEN CIREBON,JAWA BARAT,HEKTAR,2014
44,3209,32,REHABILITASI,1000,KABUPATEN CIREBON,JAWA BARAT,HEKTAR,2014
45,3209,32,BERUBAH FUNGSI,800,KABUPATEN CIREBON,JAWA BARAT,HEKTAR,2014
46,3210,32,BAIK,0,KABUPATEN MAJALENGKA,JAWA BARAT,HEKTAR,2014
47,3210,32,SEDANG,0,KABUPATEN MAJALENGKA,JAWA BARAT,HEKTAR,2014
48,3210,32,RUSAK,0,KABUPATEN MAJALENGKA,JAWA BARAT,HEKTAR,2014
49,3210,32,REHABILITASI,0,KABUPATEN MAJALENGKA,JAWA BARAT,HEKTAR,2014
50,3210,32,BERUBAH FUNGSI,0,KABUPATEN MAJALENGKA,JAWA BARAT,HEKTAR,2014
51,3211,32,BAIK,0,KABUPATEN SUMEDANG,JAWA BARAT,HEKTAR,2014
52,3211,32,SEDANG,0,KABUPATEN SUMEDANG,JAWA BARAT,HEKTAR,2014
53,3211,32,RUSAK,0,KABUPATEN SUMEDANG,JAWA BARAT,HEKTAR,2014
54,3211,32,REHABILITASI,0,KABUPATEN SUMEDANG,JAWA BARAT,HEKTAR,2014
55,3211,32,BERUBAH FUNGSI,0,KABUPATEN SUMEDANG,JAWA BARAT,HEKTAR,2014
56,3212,32,BAIK,15500,KABUPATEN INDRAMAYU,JAWA BARAT,HEKTAR,2014
57,3212,32,SEDANG,5000,KABUPATEN INDRAMAYU,JAWA BARAT,HEKTAR,2014
58,3212,32,RUSAK,25850,KABUPATEN INDRAMAYU,JAWA BARAT,HEKTAR,2014
59,3212,32,REHABILITASI,7160,KABUPATEN INDRAMAYU,JAWA BARAT,HEKTAR,2014
60,3212,32,BERUBAH FUNGSI,0,KABUPATEN INDRAMAYU,JAWA BARAT,HEKTAR,2014
61,3213,32,BAIK,0,KABUPATEN SUBANG,JAWA BARAT,HEKTAR,2014
62,3213,32,SEDANG,0,KABUPATEN SUBANG,JAWA BARAT,HEKTAR,2014
63,3213,32,RUSAK,0,KABUPATEN SUBANG,JAWA BARAT,HEKTAR,2014
64,3213,32,REHABILITASI,0,KABUPATEN SUBANG,JAWA BARAT,HEKTAR,2014
65,3213,32,BERUBAH FUNGSI,0,KABUPATEN SUBANG,JAWA BARAT,HEKTAR,2014
66,3214,32,BAIK,0,KABUPATEN PURWAKARTA,JAWA BARAT,HEKTAR,2014
67,3214,32,SEDANG,0,KABUPATEN PURWAKARTA,JAWA BARAT,HEKTAR,2014
68,3214,32,RUSAK,0,KABUPATEN PURWAKARTA,JAWA BARAT,HEKTAR,2014
69,3214,32,REHABILITASI,0,KABUPATEN PURWAKARTA,JAWA BARAT,HEKTAR,2014
70,3214,32,BERUBAH FUNGSI,0,KABUPATEN PURWAKARTA,JAWA BARAT,HEKTAR,2014
71,3215,32,BAIK,50,KABUPATEN KARAWANG,JAWA BARAT,HEKTAR,2014
72,3215,32,SEDANG,100,KABUPATEN KARAWANG,JAWA BARAT,HEKTAR,2014
73,3215,32,RUSAK,50,KABUPATEN KARAWANG,JAWA BARAT,HEKTAR,2014
74,3215,32,REHABILITASI,0,KABUPATEN KARAWANG,JAWA BARAT,HEKTAR,2014
75,3215,32,BERUBAH FUNGSI,0,KABUPATEN KARAWANG,JAWA BARAT,HEKTAR,2014
76,3216,32,BAIK,0,KABUPATEN BEKASI,JAWA BARAT,HEKTAR,2014
77,3216,32,SEDANG,0,KABUPATEN BEKASI,JAWA BARAT,HEKTAR,2014
78,3216,32,RUSAK,0,KABUPATEN BEKASI,JAWA BARAT,HEKTAR,2014
79,3216,32,REHABILITASI,5000,KABUPATEN BEKASI,JAWA BARAT,HEKTAR,2014
80,3216,32,BERUBAH FUNGSI,998115,KABUPATEN BEKASI,JAWA BARAT,HEKTAR,2014
81,3217,32,BAIK,0,KABUPATEN BANDUNG BARAT,JAWA BARAT,HEKTAR,2014
82,3217,32,SEDANG,0,KABUPATEN BANDUNG BARAT,JAWA BARAT,HEKTAR,2014
83,3217,32,RUSAK,0,KABUPATEN BANDUNG BARAT,JAWA BARAT,HEKTAR,2014
84,3217,32,REHABILITASI,0,KABUPATEN BANDUNG BARAT,JAWA BARAT,HEKTAR,2014
85,3217,32,BERUBAH FUNGSI,0,KABUPATEN BANDUNG BARAT,JAWA BARAT,HEKTAR,2014
86,3218,32,BAIK,0,KABUPATEN PANGANDARAN,JAWA BARAT,HEKTAR,2014
87,3218,32,SEDANG,1900,KABUPATEN PANGANDARAN,JAWA BARAT,HEKTAR,2014
88,3218,32,RUSAK,0,KABUPATEN PANGANDARAN,JAWA BARAT,HEKTAR,2014
89,3218,32,REHABILITASI,250,KABUPATEN PANGANDARAN,JAWA BARAT,HEKTAR,2014
90,3218,32,BERUBAH FUNGSI,0,KABUPATEN PANGANDARAN,JAWA BARAT,HEKTAR,2014
91,3271,32,BAIK,0,KOTA BOGOR,JAWA BARAT,HEKTAR,2014
92,3271,32,SEDANG,0,KOTA BOGOR,JAWA BARAT,HEKTAR,2014
93,3271,32,RUSAK,0,KOTA BOGOR,JAWA BARAT,HEKTAR,2014
94,3271,32,REHABILITASI,0,KOTA BOGOR,JAWA BARAT,HEKTAR,2014
95,3271,32,BERUBAH FUNGSI,0,KOTA BOGOR,JAWA BARAT,HEKTAR,2014
96,3272,32,BAIK,0,KOTA SUKABUMI,JAWA BARAT,HEKTAR,2014
97,3272,32,SEDANG,0,KOTA SUKABUMI,JAWA BARAT,HEKTAR,2014
98,3272,32,RUSAK,0,KOTA SUKABUMI,JAWA BARAT,HEKTAR,2014
99,3272,32,REHABILITASI,0,KOTA SUKABUMI,JAWA BARAT,HEKTAR,2014
100,3272,32,BERUBAH FUNGSI,0,KOTA SUKABUMI,JAWA BARAT,HEKTAR,2014
101,3273,32,BAIK,0,KOTA BANDUNG,JAWA BARAT,HEKTAR,2014
102,3273,32,SEDANG,0,KOTA BANDUNG,JAWA BARAT,HEKTAR,2014
103,3273,32,RUSAK,0,KOTA BANDUNG,JAWA BARAT,HEKTAR,2014
104,3273,32,REHABILITASI,0,KOTA BANDUNG,JAWA BARAT,HEKTAR,2014
105,3273,32,BERUBAH FUNGSI,0,KOTA BANDUNG,JAWA BARAT,HEKTAR,2014
106,3274,32,BAIK,200,KOTA CIREBON,JAWA BARAT,HEKTAR,2014
107,3274,32,SEDANG,50,KOTA CIREBON,JAWA BARAT,HEKTAR,2014
108,3274,32,RUSAK,0,KOTA CIREBON,JAWA BARAT,HEKTAR,2014
109,3274,32,REHABILITASI,0,KOTA CIREBON,JAWA BARAT,HEKTAR,2014
110,3274,32,BERUBAH FUNGSI,0,KOTA CIREBON,JAWA BARAT,HEKTAR,2014
111,3275,32,BAIK,0,KOTA BEKASI,JAWA BARAT,HEKTAR,2014
112,3275,32,SEDANG,0,KOTA BEKASI,JAWA BARAT,HEKTAR,2014
113,3275,32,RUSAK,0,KOTA BEKASI,JAWA BARAT,HEKTAR,2014
114,3275,32,REHABILITASI,0,KOTA BEKASI,JAWA BARAT,HEKTAR,2014
115,3275,32,BERUBAH FUNGSI,0,KOTA BEKASI,JAWA BARAT,HEKTAR,2014
116,3276,32,BAIK,0,KOTA DEPOK,JAWA BARAT,HEKTAR,2014
117,3276,32,SEDANG,0,KOTA DEPOK,JAWA BARAT,HEKTAR,2014
118,3276,32,RUSAK,0,KOTA DEPOK,JAWA BARAT,HEKTAR,2014
119,3276,32,REHABILITASI,0,KOTA DEPOK,JAWA BARAT,HEKTAR,2014
120,3276,32,BERUBAH FUNGSI,0,KOTA DEPOK,JAWA BARAT,HEKTAR,2014
121,3277,32,BAIK,0,KOTA CIMAHI,JAWA BARAT,HEKTAR,2014
122,3277,32,SEDANG,0,KOTA CIMAHI,JAWA BARAT,HEKTAR,2014
123,3277,32,RUSAK,0,KOTA CIMAHI,JAWA BARAT,HEKTAR,2014
124,3277,32,REHABILITASI,0,KOTA CIMAHI,JAWA BARAT,HEKTAR,2014
125,3277,32,BERUBAH FUNGSI,0,KOTA CIMAHI,JAWA BARAT,HEKTAR,2014
126,3278,32,BAIK,0,KOTA TASIKMALAYA,JAWA BARAT,HEKTAR,2014
127,3278,32,SEDANG,0,KOTA TASIKMALAYA,JAWA BARAT,HEKTAR,2014
128,3278,32,RUSAK,0,KOTA TASIKMALAYA,JAWA BARAT,HEKTAR,2014
129,3278,32,REHABILITASI,0,KOTA TASIKMALAYA,JAWA BARAT,HEKTAR,2014
130,3278,32,BERUBAH FUNGSI,0,KOTA TASIKMALAYA,JAWA BARAT,HEKTAR,2014
131,3279,32,BAIK,0,KOTA BANJAR,JAWA BARAT,HEKTAR,2014
132,3279,32,SEDANG,0,KOTA BANJAR,JAWA BARAT,HEKTAR,2014
133,3279,32,RUSAK,0,KOTA BANJAR,JAWA BARAT,HEKTAR,2014
134,3279,32,REHABILITASI,0,KOTA BANJAR,JAWA BARAT,HEKTAR,2014
135,3279,32,BERUBAH FUNGSI,0,KOTA BANJAR,JAWA BARAT,HEKTAR,2014
136,3201,32,BAIK,0,KABUPATEN BOGOR,JAWA BARAT,HEKTAR,2015
137,3201,32,SEDANG,0,KABUPATEN BOGOR,JAWA BARAT,HEKTAR,2015
138,3201,32,RUSAK,0,KABUPATEN BOGOR,JAWA BARAT,HEKTAR,2015
139,3201,32,REHABILITASI,0,KABUPATEN BOGOR,JAWA BARAT,HEKTAR,2015
140,3201,32,BERUBAH FUNGSI,0,KABUPATEN BOGOR,JAWA BARAT,HEKTAR,2015
141,3202,32,BAIK,0,KABUPATEN SUKABUMI,JAWA BARAT,HEKTAR,2015
142,3202,32,SEDANG,0,KABUPATEN SUKABUMI,JAWA BARAT,HEKTAR,2015
143,3202,32,RUSAK,0,KABUPATEN SUKABUMI,JAWA BARAT,HEKTAR,2015
144,3202,32,REHABILITASI,0,KABUPATEN SUKABUMI,JAWA BARAT,HEKTAR,2015
145,3202,32,BERUBAH FUNGSI,0,KABUPATEN SUKABUMI,JAWA BARAT,HEKTAR,2015
146,3203,32,BAIK,0,KABUPATEN CIANJUR,JAWA BARAT,HEKTAR,2015
147,3203,32,SEDANG,0,KABUPATEN CIANJUR,JAWA BARAT,HEKTAR,2015
148,3203,32,RUSAK,0,KABUPATEN CIANJUR,JAWA BARAT,HEKTAR,2015
149,3203,32,REHABILITASI,0,KABUPATEN CIANJUR,JAWA BARAT,HEKTAR,2015
150,3203,32,BERUBAH FUNGSI,0,KABUPATEN CIANJUR,JAWA BARAT,HEKTAR,2015
151,3204,32,BAIK,0,KABUPATEN BANDUNG,JAWA BARAT,HEKTAR,2015
152,3204,32,SEDANG,0,KABUPATEN BANDUNG,JAWA BARAT,HEKTAR,2015
153,3204,32,RUSAK,0,KABUPATEN BANDUNG,JAWA BARAT,HEKTAR,2015
154,3204,32,REHABILITASI,0,KABUPATEN BANDUNG,JAWA BARAT,HEKTAR,2015
155,3204,32,BERUBAH FUNGSI,0,KABUPATEN BANDUNG,JAWA BARAT,HEKTAR,2015
156,3205,32,BAIK,0,KABUPATEN GARUT,JAWA BARAT,HEKTAR,2015
157,3205,32,SEDANG,0,KABUPATEN GARUT,JAWA BARAT,HEKTAR,2015
158,3205,32,RUSAK,0,KABUPATEN GARUT,JAWA BARAT,HEKTAR,2015
159,3205,32,REHABILITASI,0,KABUPATEN GARUT,JAWA BARAT,HEKTAR,2015
160,3205,32,BERUBAH FUNGSI,0,KABUPATEN GARUT,JAWA BARAT,HEKTAR,2015
161,3206,32,BAIK,0,KABUPATEN TASIKMALAYA,JAWA BARAT,HEKTAR,2015
162,3206,32,SEDANG,0,KABUPATEN TASIKMALAYA,JAWA BARAT,HEKTAR,2015
163,3206,32,RUSAK,0,KABUPATEN TASIKMALAYA,JAWA BARAT,HEKTAR,2015
164,3206,32,REHABILITASI,0,KABUPATEN TASIKMALAYA,JAWA BARAT,HEKTAR,2015
165,3206,32,BERUBAH FUNGSI,0,KABUPATEN TASIKMALAYA,JAWA BARAT,HEKTAR,2015
166,3207,32,BAIK,0,KABUPATEN CIAMIS,JAWA BARAT,HEKTAR,2015
167,3207,32,SEDANG,0,KABUPATEN CIAMIS,JAWA BARAT,HEKTAR,2015
168,3207,32,RUSAK,0,KABUPATEN CIAMIS,JAWA BARAT,HEKTAR,2015
169,3207,32,REHABILITASI,0,KABUPATEN CIAMIS,JAWA BARAT,HEKTAR,2015
170,3207,32,BERUBAH FUNGSI,0,KABUPATEN CIAMIS,JAWA BARAT,HEKTAR,2015
171,3208,32,BAIK,0,KABUPATEN KUNINGAN,JAWA BARAT,HEKTAR,2015
172,3208,32,SEDANG,0,KABUPATEN KUNINGAN,JAWA BARAT,HEKTAR,2015
173,3208,32,RUSAK,0,KABUPATEN KUNINGAN,JAWA BARAT,HEKTAR,2015
174,3208,32,REHABILITASI,0,KABUPATEN KUNINGAN,JAWA BARAT,HEKTAR,2015
175,3208,32,BERUBAH FUNGSI,0,KABUPATEN KUNINGAN,JAWA BARAT,HEKTAR,2015
176,3209,32,BAIK,0,KABUPATEN CIREBON,JAWA BARAT,HEKTAR,2015
177,3209,32,SEDANG,0,KABUPATEN CIREBON,JAWA BARAT,HEKTAR,2015
178,3209,32,RUSAK,0,KABUPATEN CIREBON,JAWA BARAT,HEKTAR,2015
179,3209,32,REHABILITASI,0,KABUPATEN CIREBON,JAWA BARAT,HEKTAR,2015
180,3209,32,BERUBAH FUNGSI,0,KABUPATEN CIREBON,JAWA BARAT,HEKTAR,2015
181,3210,32,BAIK,0,KABUPATEN MAJALENGKA,JAWA BARAT,HEKTAR,2015
182,3210,32,SEDANG,0,KABUPATEN MAJALENGKA,JAWA BARAT,HEKTAR,2015
183,3210,32,RUSAK,0,KABUPATEN MAJALENGKA,JAWA BARAT,HEKTAR,2015
184,3210,32,REHABILITASI,0,KABUPATEN MAJALENGKA,JAWA BARAT,HEKTAR,2015
185,3210,32,BERUBAH FUNGSI,0,KABUPATEN MAJALENGKA,JAWA BARAT,HEKTAR,2015
186,3211,32,BAIK,0,KABUPATEN SUMEDANG,JAWA BARAT,HEKTAR,2015
187,3211,32,SEDANG,0,KABUPATEN SUMEDANG,JAWA BARAT,HEKTAR,2015
188,3211,32,RUSAK,0,KABUPATEN SUMEDANG,JAWA BARAT,HEKTAR,2015
189,3211,32,REHABILITASI,0,KABUPATEN SUMEDANG,JAWA BARAT,HEKTAR,2015
190,3211,32,BERUBAH FUNGSI,0,KABUPATEN SUMEDANG,JAWA BARAT,HEKTAR,2015
191,3212,32,BAIK,159764,KABUPATEN INDRAMAYU,JAWA BARAT,HEKTAR,2015
192,3212,32,SEDANG,178377,KABUPATEN INDRAMAYU,JAWA BARAT,HEKTAR,2015
193,3212,32,RUSAK,932478,KABUPATEN INDRAMAYU,JAWA BARAT,HEKTAR,2015
194,3212,32,REHABILITASI,1330,KABUPATEN INDRAMAYU,JAWA BARAT,HEKTAR,2015
195,3212,32,BERUBAH FUNGSI,0,KABUPATEN INDRAMAYU,JAWA BARAT,HEKTAR,2015
196,3213,32,BAIK,0,KABUPATEN SUBANG,JAWA BARAT,HEKTAR,2015
197,3213,32,SEDANG,0,KABUPATEN SUBANG,JAWA BARAT,HEKTAR,2015
198,3213,32,RUSAK,0,KABUPATEN SUBANG,JAWA BARAT,HEKTAR,2015
199,3213,32,REHABILITASI,0,KABUPATEN SUBANG,JAWA BARAT,HEKTAR,2015
200,3213,32,BERUBAH FUNGSI,0,KABUPATEN SUBANG,JAWA BARAT,HEKTAR,2015
201,3214,32,BAIK,0,KABUPATEN PURWAKARTA,JAWA BARAT,HEKTAR,2015
202,3214,32,SEDANG,0,KABUPATEN PURWAKARTA,JAWA BARAT,HEKTAR,2015
203,3214,32,RUSAK,0,KABUPATEN PURWAKARTA,JAWA BARAT,HEKTAR,2015
204,3214,32,REHABILITASI,0,KABUPATEN PURWAKARTA,JAWA BARAT,HEKTAR,2015
205,3214,32,BERUBAH FUNGSI,0,KABUPATEN PURWAKARTA,JAWA BARAT,HEKTAR,2015
206,3215,32,BAIK,50,KABUPATEN KARAWANG,JAWA BARAT,HEKTAR,2015
207,3215,32,SEDANG,100,KABUPATEN KARAWANG,JAWA BARAT,HEKTAR,2015
208,3215,32,RUSAK,50,KABUPATEN KARAWANG,JAWA BARAT,HEKTAR,2015
209,3215,32,REHABILITASI,0,KABUPATEN KARAWANG,JAWA BARAT,HEKTAR,2015
210,3215,32,BERUBAH FUNGSI,0,KABUPATEN KARAWANG,JAWA BARAT,HEKTAR,2015
211,3216,32,BAIK,0,KABUPATEN BEKASI,JAWA BARAT,HEKTAR,2015
212,3216,32,SEDANG,0,KABUPATEN BEKASI,JAWA BARAT,HEKTAR,2015
213,3216,32,RUSAK,0,KABUPATEN BEKASI,JAWA BARAT,HEKTAR,2015
214,3216,32,REHABILITASI,0,KABUPATEN BEKASI,JAWA BARAT,HEKTAR,2015
215,3216,32,BERUBAH FUNGSI,0,KABUPATEN BEKASI,JAWA BARAT,HEKTAR,2015
216,3217,32,BAIK,0,KABUPATEN BANDUNG BARAT,JAWA BARAT,HEKTAR,2015
217,3217,32,SEDANG,0,KABUPATEN BANDUNG BARAT,JAWA BARAT,HEKTAR,2015
218,3217,32,RUSAK,0,KABUPATEN BANDUNG BARAT,JAWA BARAT,HEKTAR,2015
219,3217,32,REHABILITASI,0,KABUPATEN BANDUNG BARAT,JAWA BARAT,HEKTAR,2015
220,3217,32,BERUBAH FUNGSI,0,KABUPATEN BANDUNG BARAT,JAWA BARAT,HEKTAR,2015
221,3218,32,BAIK,0,KABUPATEN PANGANDARAN,JAWA BARAT,HEKTAR,2015
222,3218,32,SEDANG,0,KABUPATEN PANGANDARAN,JAWA BARAT,HEKTAR,2015
223,3218,32,RUSAK,0,KABUPATEN PANGANDARAN,JAWA BARAT,HEKTAR,2015
224,3218,32,REHABILITASI,100,KABUPATEN PANGANDARAN,JAWA BARAT,HEKTAR,2015
225,3218,32,BERUBAH FUNGSI,0,KABUPATEN PANGANDARAN,JAWA BARAT,HEKTAR,2015
226,3271,32,BAIK,0,KOTA BOGOR,JAWA BARAT,HEKTAR,2015
227,3271,32,SEDANG,0,KOTA BOGOR,JAWA BARAT,HEKTAR,2015
228,3271,32,RUSAK,0,KOTA BOGOR,JAWA BARAT,HEKTAR,2015
229,3271,32,REHABILITASI,0,KOTA BOGOR,JAWA BARAT,HEKTAR,2015
230,3271,32,BERUBAH FUNGSI,0,KOTA BOGOR,JAWA BARAT,HEKTAR,2015
231,3272,32,BAIK,0,KOTA SUKABUMI,JAWA BARAT,HEKTAR,2015
232,3272,32,SEDANG,0,KOTA SUKABUMI,JAWA BARAT,HEKTAR,2015
233,3272,32,RUSAK,0,KOTA SUKABUMI,JAWA BARAT,HEKTAR,2015
234,3272,32,REHABILITASI,0,KOTA SUKABUMI,JAWA BARAT,HEKTAR,2015
235,3272,32,BERUBAH FUNGSI,0,KOTA SUKABUMI,JAWA BARAT,HEKTAR,2015
236,3273,32,BAIK,0,KOTA BANDUNG,JAWA BARAT,HEKTAR,2015
237,3273,32,SEDANG,0,KOTA BANDUNG,JAWA BARAT,HEKTAR,2015
238,3273,32,RUSAK,0,KOTA BANDUNG,JAWA BARAT,HEKTAR,2015
239,3273,32,REHABILITASI,0,KOTA BANDUNG,JAWA BARAT,HEKTAR,2015
240,3273,32,BERUBAH FUNGSI,0,KOTA BANDUNG,JAWA BARAT,HEKTAR,2015
241,3274,32,BAIK,30,KOTA CIREBON,JAWA BARAT,HEKTAR,2015
242,3274,32,SEDANG,20,KOTA CIREBON,JAWA BARAT,HEKTAR,2015
243,3274,32,RUSAK,0,KOTA CIREBON,JAWA BARAT,HEKTAR,2015
244,3274,32,REHABILITASI,0,KOTA CIREBON,JAWA BARAT,HEKTAR,2015
245,3274,32,BERUBAH FUNGSI,0,KOTA CIREBON,JAWA BARAT,HEKTAR,2015
246,3275,32,BAIK,0,KOTA BEKASI,JAWA BARAT,HEKTAR,2015
247,3275,32,SEDANG,0,KOTA BEKASI,JAWA BARAT,HEKTAR,2015
248,3275,32,RUSAK,0,KOTA BEKASI,JAWA BARAT,HEKTAR,2015
249,3275,32,REHABILITASI,0,KOTA BEKASI,JAWA BARAT,HEKTAR,2015
250,3275,32,BERUBAH FUNGSI,0,KOTA BEKASI,JAWA BARAT,HEKTAR,2015
251,3276,32,BAIK,0,KOTA DEPOK,JAWA BARAT,HEKTAR,2015
252,3276,32,SEDANG,0,KOTA DEPOK,JAWA BARAT,HEKTAR,2015
253,3276,32,RUSAK,0,KOTA DEPOK,JAWA BARAT,HEKTAR,2015
254,3276,32,REHABILITASI,0,KOTA DEPOK,JAWA BARAT,HEKTAR,2015
255,3276,32,BERUBAH FUNGSI,0,KOTA DEPOK,JAWA BARAT,HEKTAR,2015
256,3277,32,BAIK,0,KOTA CIMAHI,JAWA BARAT,HEKTAR,2015
257,3277,32,SEDANG,0,KOTA CIMAHI,JAWA BARAT,HEKTAR,2015
258,3277,32,RUSAK,0,KOTA CIMAHI,JAWA BARAT,HEKTAR,2015
259,3277,32,REHABILITASI,0,KOTA CIMAHI,JAWA BARAT,HEKTAR,2015
260,3277,32,BERUBAH FUNGSI,0,KOTA CIMAHI,JAWA BARAT,HEKTAR,2015
261,3278,32,BAIK,0,KOTA TASIKMALAYA,JAWA BARAT,HEKTAR,2015
262,3278,32,SEDANG,0,KOTA TASIKMALAYA,JAWA BARAT,HEKTAR,2015
263,3278,32,RUSAK,0,KOTA TASIKMALAYA,JAWA BARAT,HEKTAR,2015
264,3278,32,REHABILITASI,0,KOTA TASIKMALAYA,JAWA BARAT,HEKTAR,2015
265,3278,32,BERUBAH FUNGSI,0,KOTA TASIKMALAYA,JAWA BARAT,HEKTAR,2015
266,3279,32,BAIK,0,KOTA BANJAR,JAWA BARAT,HEKTAR,2015
267,3279,32,SEDANG,0,KOTA BANJAR,JAWA BARAT,HEKTAR,2015
268,3279,32,RUSAK,0,KOTA BANJAR,JAWA BARAT,HEKTAR,2015
269,3279,32,REHABILITASI,0,KOTA BANJAR,JAWA BARAT,HEKTAR,2015
270,3279,32,BERUBAH FUNGSI,0,KOTA BANJAR,JAWA BARAT,HEKTAR,2015
271,3201,32,BAIK,0,KABUPATEN BOGOR,JAWA BARAT,HEKTAR,2016
272,3201,32,SEDANG,0,KABUPATEN BOGOR,JAWA BARAT,HEKTAR,2016
273,3201,32,RUSAK,0,KABUPATEN BOGOR,JAWA BARAT,HEKTAR,2016
274,3201,32,REHABILITASI,0,KABUPATEN BOGOR,JAWA BARAT,HEKTAR,2016
275,3201,32,BERUBAH FUNGSI,0,KABUPATEN BOGOR,JAWA BARAT,HEKTAR,2016
276,3202,32,BAIK,0,KABUPATEN SUKABUMI,JAWA BARAT,HEKTAR,2016
277,3202,32,SEDANG,500,KABUPATEN SUKABUMI,JAWA BARAT,HEKTAR,2016
278,3202,32,RUSAK,0,KABUPATEN SUKABUMI,JAWA BARAT,HEKTAR,2016
279,3202,32,REHABILITASI,0,KABUPATEN SUKABUMI,JAWA BARAT,HEKTAR,2016
280,3202,32,BERUBAH FUNGSI,0,KABUPATEN SUKABUMI,JAWA BARAT,HEKTAR,2016
281,3203,32,BAIK,0,KABUPATEN CIANJUR,JAWA BARAT,HEKTAR,2016
282,3203,32,SEDANG,0,KABUPATEN CIANJUR,JAWA BARAT,HEKTAR,2016
283,3203,32,RUSAK,0,KABUPATEN CIANJUR,JAWA BARAT,HEKTAR,2016
284,3203,32,REHABILITASI,0,KABUPATEN CIANJUR,JAWA BARAT,HEKTAR,2016
285,3203,32,BERUBAH FUNGSI,0,KABUPATEN CIANJUR,JAWA BARAT,HEKTAR,2016
286,3204,32,BAIK,0,KABUPATEN BANDUNG,JAWA BARAT,HEKTAR,2016
287,3204,32,SEDANG,0,KABUPATEN BANDUNG,JAWA BARAT,HEKTAR,2016
288,3204,32,RUSAK,0,KABUPATEN BANDUNG,JAWA BARAT,HEKTAR,2016
289,3204,32,REHABILITASI,0,KABUPATEN BANDUNG,JAWA BARAT,HEKTAR,2016
290,3204,32,BERUBAH FUNGSI,0,KABUPATEN BANDUNG,JAWA BARAT,HEKTAR,2016
291,3205,32,BAIK,0,KABUPATEN GARUT,JAWA BARAT,HEKTAR,2016
292,3205,32,SEDANG,0,KABUPATEN GARUT,JAWA BARAT,HEKTAR,2016
293,3205,32,RUSAK,0,KABUPATEN GARUT,JAWA BARAT,HEKTAR,2016
294,3205,32,REHABILITASI,0,KABUPATEN GARUT,JAWA BARAT,HEKTAR,2016
295,3205,32,BERUBAH FUNGSI,0,KABUPATEN GARUT,JAWA BARAT,HEKTAR,2016
296,3206,32,BAIK,0,KABUPATEN TASIKMALAYA,JAWA BARAT,HEKTAR,2016
297,3206,32,SEDANG,0,KABUPATEN TASIKMALAYA,JAWA BARAT,HEKTAR,2016
298,3206,32,RUSAK,0,KABUPATEN TASIKMALAYA,JAWA BARAT,HEKTAR,2016
299,3206,32,REHABILITASI,0,KABUPATEN TASIKMALAYA,JAWA BARAT,HEKTAR,2016
300,3206,32,BERUBAH FUNGSI,0,KABUPATEN TASIKMALAYA,JAWA BARAT,HEKTAR,2016
301,3207,32,BAIK,0,KABUPATEN CIAMIS,JAWA BARAT,HEKTAR,2016
302,3207,32,SEDANG,0,KABUPATEN CIAMIS,JAWA BARAT,HEKTAR,2016
303,3207,32,RUSAK,0,KABUPATEN CIAMIS,JAWA BARAT,HEKTAR,2016
304,3207,32,REHABILITASI,0,KABUPATEN CIAMIS,JAWA BARAT,HEKTAR,2016
305,3207,32,BERUBAH FUNGSI,0,KABUPATEN CIAMIS,JAWA BARAT,HEKTAR,2016
306,3208,32,BAIK,0,KABUPATEN KUNINGAN,JAWA BARAT,HEKTAR,2016
307,3208,32,SEDANG,0,KABUPATEN KUNINGAN,JAWA BARAT,HEKTAR,2016
308,3208,32,RUSAK,0,KABUPATEN KUNINGAN,JAWA BARAT,HEKTAR,2016
309,3208,32,REHABILITASI,0,KABUPATEN KUNINGAN,JAWA BARAT,HEKTAR,2016
310,3208,32,BERUBAH FUNGSI,0,KABUPATEN KUNINGAN,JAWA BARAT,HEKTAR,2016
311,3209,32,BAIK,11000,KABUPATEN CIREBON,JAWA BARAT,HEKTAR,2016
312,3209,32,SEDANG,2000,KABUPATEN CIREBON,JAWA BARAT,HEKTAR,2016
313,3209,32,RUSAK,4800,KABUPATEN CIREBON,JAWA BARAT,HEKTAR,2016
314,3209,32,REHABILITASI,1000,KABUPATEN CIREBON,JAWA BARAT,HEKTAR,2016
315,3209,32,BERUBAH FUNGSI,1000,KABUPATEN CIREBON,JAWA BARAT,HEKTAR,2016
316,3210,32,BAIK,0,KABUPATEN MAJALENGKA,JAWA BARAT,HEKTAR,2016
317,3210,32,SEDANG,0,KABUPATEN MAJALENGKA,JAWA BARAT,HEKTAR,2016
318,3210,32,RUSAK,0,KABUPATEN MAJALENGKA,JAWA BARAT,HEKTAR,2016
319,3210,32,REHABILITASI,0,KABUPATEN MAJALENGKA,JAWA BARAT,HEKTAR,2016
320,3210,32,BERUBAH FUNGSI,0,KABUPATEN MAJALENGKA,JAWA BARAT,HEKTAR,2016
321,3211,32,BAIK,0,KABUPATEN SUMEDANG,JAWA BARAT,HEKTAR,2016
322,3211,32,SEDANG,0,KABUPATEN SUMEDANG,JAWA BARAT,HEKTAR,2016
323,3211,32,RUSAK,0,KABUPATEN SUMEDANG,JAWA BARAT,HEKTAR,2016
324,3211,32,REHABILITASI,0,KABUPATEN SUMEDANG,JAWA BARAT,HEKTAR,2016
325,3211,32,BERUBAH FUNGSI,0,KABUPATEN SUMEDANG,JAWA BARAT,HEKTAR,2016
326,3212,32,BAIK,173064,KABUPATEN INDRAMAYU,JAWA BARAT,HEKTAR,2016
327,3212,32,SEDANG,178377,KABUPATEN INDRAMAYU,JAWA BARAT,HEKTAR,2016
328,3212,32,RUSAK,919178,KABUPATEN INDRAMAYU,JAWA BARAT,HEKTAR,2016
329,3212,32,REHABILITASI,910,KABUPATEN INDRAMAYU,JAWA BARAT,HEKTAR,2016
330,3212,32,BERUBAH FUNGSI,0,KABUPATEN INDRAMAYU,JAWA BARAT,HEKTAR,2016
331,3213,32,BAIK,0,KABUPATEN SUBANG,JAWA BARAT,HEKTAR,2016
332,3213,32,SEDANG,0,KABUPATEN SUBANG,JAWA BARAT,HEKTAR,2016
333,3213,32,RUSAK,0,KABUPATEN SUBANG,JAWA BARAT,HEKTAR,2016
334,3213,32,REHABILITASI,0,KABUPATEN SUBANG,JAWA BARAT,HEKTAR,2016
335,3213,32,BERUBAH FUNGSI,0,KABUPATEN SUBANG,JAWA BARAT,HEKTAR,2016
336,3214,32,BAIK,0,KABUPATEN PURWAKARTA,JAWA BARAT,HEKTAR,2016
337,3214,32,SEDANG,0,KABUPATEN PURWAKARTA,JAWA BARAT,HEKTAR,2016
338,3214,32,RUSAK,0,KABUPATEN PURWAKARTA,JAWA BARAT,HEKTAR,2016
339,3214,32,REHABILITASI,0,KABUPATEN PURWAKARTA,JAWA BARAT,HEKTAR,2016
340,3214,32,BERUBAH FUNGSI,0,KABUPATEN PURWAKARTA,JAWA BARAT,HEKTAR,2016
341,3215,32,BAIK,0,KABUPATEN KARAWANG,JAWA BARAT,HEKTAR,2016
342,3215,32,SEDANG,0,KABUPATEN KARAWANG,JAWA BARAT,HEKTAR,2016
343,3215,32,RUSAK,0,KABUPATEN KARAWANG,JAWA BARAT,HEKTAR,2016
344,3215,32,REHABILITASI,0,KABUPATEN KARAWANG,JAWA BARAT,HEKTAR,2016
345,3215,32,BERUBAH FUNGSI,0,KABUPATEN KARAWANG,JAWA BARAT,HEKTAR,2016
346,3216,32,BAIK,0,KABUPATEN BEKASI,JAWA BARAT,HEKTAR,2016
347,3216,32,SEDANG,0,KABUPATEN BEKASI,JAWA BARAT,HEKTAR,2016
348,3216,32,RUSAK,0,KABUPATEN BEKASI,JAWA BARAT,HEKTAR,2016
349,3216,32,REHABILITASI,0,KABUPATEN BEKASI,JAWA BARAT,HEKTAR,2016
350,3216,32,BERUBAH FUNGSI,0,KABUPATEN BEKASI,JAWA BARAT,HEKTAR,2016
351,3217,32,BAIK,0,KABUPATEN BANDUNG BARAT,JAWA BARAT,HEKTAR,2016
352,3217,32,SEDANG,0,KABUPATEN BANDUNG BARAT,JAWA BARAT,HEKTAR,2016
353,3217,32,RUSAK,0,KABUPATEN BANDUNG BARAT,JAWA BARAT,HEKTAR,2016
354,3217,32,REHABILITASI,0,KABUPATEN BANDUNG BARAT,JAWA BARAT,HEKTAR,2016
355,3217,32,BERUBAH FUNGSI,0,KABUPATEN BANDUNG BARAT,JAWA BARAT,HEKTAR,2016
356,3218,32,BAIK,0,KABUPATEN PANGANDARAN,JAWA BARAT,HEKTAR,2016
357,3218,32,SEDANG,0,KABUPATEN PANGANDARAN,JAWA BARAT,HEKTAR,2016
358,3218,32,RUSAK,0,KABUPATEN PANGANDARAN,JAWA BARAT,HEKTAR,2016
359,3218,32,REHABILITASI,100,KABUPATEN PANGANDARAN,JAWA BARAT,HEKTAR,2016
360,3218,32,BERUBAH FUNGSI,0,KABUPATEN PANGANDARAN,JAWA BARAT,HEKTAR,2016
361,3271,32,BAIK,0,KOTA BOGOR,JAWA BARAT,HEKTAR,2016
362,3271,32,SEDANG,0,KOTA BOGOR,JAWA BARAT,HEKTAR,2016
363,3271,32,RUSAK,0,KOTA BOGOR,JAWA BARAT,HEKTAR,2016
364,3271,32,REHABILITASI,0,KOTA BOGOR,JAWA BARAT,HEKTAR,2016
365,3271,32,BERUBAH FUNGSI,0,KOTA BOGOR,JAWA BARAT,HEKTAR,2016
366,3272,32,BAIK,0,KOTA SUKABUMI,JAWA BARAT,HEKTAR,2016
367,3272,32,SEDANG,0,KOTA SUKABUMI,JAWA BARAT,HEKTAR,2016
368,3272,32,RUSAK,0,KOTA SUKABUMI,JAWA BARAT,HEKTAR,2016
369,3272,32,REHABILITASI,0,KOTA SUKABUMI,JAWA BARAT,HEKTAR,2016
370,3272,32,BERUBAH FUNGSI,0,KOTA SUKABUMI,JAWA BARAT,HEKTAR,2016
371,3273,32,BAIK,0,KOTA BANDUNG,JAWA BARAT,HEKTAR,2016
372,3273,32,SEDANG,0,KOTA BANDUNG,JAWA BARAT,HEKTAR,2016
373,3273,32,RUSAK,0,KOTA BANDUNG,JAWA BARAT,HEKTAR,2016
374,3273,32,REHABILITASI,0,KOTA BANDUNG,JAWA BARAT,HEKTAR,2016
375,3273,32,BERUBAH FUNGSI,0,KOTA BANDUNG,JAWA BARAT,HEKTAR,2016
376,3274,32,BAIK,0,KOTA CIREBON,JAWA BARAT,HEKTAR,2016
377,3274,32,SEDANG,0,KOTA CIREBON,JAWA BARAT,HEKTAR,2016
378,3274,32,RUSAK,0,KOTA CIREBON,JAWA BARAT,HEKTAR,2016
379,3274,32,REHABILITASI,0,KOTA CIREBON,JAWA BARAT,HEKTAR,2016
380,3274,32,BERUBAH FUNGSI,0,KOTA CIREBON,JAWA BARAT,HEKTAR,2016
381,3275,32,BAIK,0,KOTA BEKASI,JAWA BARAT,HEKTAR,2016
382,3275,32,SEDANG,0,KOTA BEKASI,JAWA BARAT,HEKTAR,2016
383,3275,32,RUSAK,0,KOTA BEKASI,JAWA BARAT,HEKTAR,2016
384,3275,32,REHABILITASI,0,KOTA BEKASI,JAWA BARAT,HEKTAR,2016
385,3275,32,BERUBAH FUNGSI,0,KOTA BEKASI,JAWA BARAT,HEKTAR,2016
386,3276,32,BAIK,0,KOTA DEPOK,JAWA BARAT,HEKTAR,2016
387,3276,32,SEDANG,0,KOTA DEPOK,JAWA BARAT,HEKTAR,2016
388,3276,32,RUSAK,0,KOTA DEPOK,JAWA BARAT,HEKTAR,2016
389,3276,32,REHABILITASI,0,KOTA DEPOK,JAWA BARAT,HEKTAR,2016
390,3276,32,BERUBAH FUNGSI,0,KOTA DEPOK,JAWA BARAT,HEKTAR,2016
391,3277,32,BAIK,0,KOTA CIMAHI,JAWA BARAT,HEKTAR,2016
392,3277,32,SEDANG,0,KOTA CIMAHI,JAWA BARAT,HEKTAR,2016
393,3277,32,RUSAK,0,KOTA CIMAHI,JAWA BARAT,HEKTAR,2016
394,3277,32,REHABILITASI,0,KOTA CIMAHI,JAWA BARAT,HEKTAR,2016
395,3277,32,BERUBAH FUNGSI,0,KOTA CIMAHI,JAWA BARAT,HEKTAR,2016
396,3278,32,BAIK,0,KOTA TASIKMALAYA,JAWA BARAT,HEKTAR,2016
397,3278,32,SEDANG,0,KOTA TASIKMALAYA,JAWA BARAT,HEKTAR,2016
398,3278,32,RUSAK,0,KOTA TASIKMALAYA,JAWA BARAT,HEKTAR,2016
399,3278,32,REHABILITASI,0,KOTA TASIKMALAYA,JAWA BARAT,HEKTAR,2016
400,3278,32,BERUBAH FUNGSI,0,KOTA TASIKMALAYA,JAWA BARAT,HEKTAR,2016
401,3279,32,BAIK,0,KOTA BANJAR,JAWA BARAT,HEKTAR,2016
402,3279,32,SEDANG,0,KOTA BANJAR,JAWA BARAT,HEKTAR,2016
403,3279,32,RUSAK,0,KOTA BANJAR,JAWA BARAT,HEKTAR,2016
404,3279,32,REHABILITASI,0,KOTA BANJAR,JAWA BARAT,HEKTAR,2016
405,3279,32,BERUBAH FUNGSI,0,KOTA BANJAR,JAWA BARAT,HEKTAR,2016
406,3201,32,BAIK,0,KABUPATEN BOGOR,JAWA BARAT,HEKTAR,2017
407,3201,32,SEDANG,0,KABUPATEN BOGOR,JAWA BARAT,HEKTAR,2017
408,3201,32,RUSAK,0,KABUPATEN BOGOR,JAWA BARAT,HEKTAR,2017
409,3201,32,REHABILITASI,0,KABUPATEN BOGOR,JAWA BARAT,HEKTAR,2017
410,3201,32,BERUBAH FUNGSI,0,KABUPATEN BOGOR,JAWA BARAT,HEKTAR,2017
411,3202,32,BAIK,0,KABUPATEN SUKABUMI,JAWA BARAT,HEKTAR,2017
412,3202,32,SEDANG,500,KABUPATEN SUKABUMI,JAWA BARAT,HEKTAR,2017
413,3202,32,RUSAK,0,KABUPATEN SUKABUMI,JAWA BARAT,HEKTAR,2017
414,3202,32,REHABILITASI,0,KABUPATEN SUKABUMI,JAWA BARAT,HEKTAR,2017
415,3202,32,BERUBAH FUNGSI,0,KABUPATEN SUKABUMI,JAWA BARAT,HEKTAR,2017
416,3203,32,BAIK,0,KABUPATEN CIANJUR,JAWA BARAT,HEKTAR,2017
417,3203,32,SEDANG,0,KABUPATEN CIANJUR,JAWA BARAT,HEKTAR,2017
418,3203,32,RUSAK,0,KABUPATEN CIANJUR,JAWA BARAT,HEKTAR,2017
419,3203,32,REHABILITASI,0,KABUPATEN CIANJUR,JAWA BARAT,HEKTAR,2017
420,3203,32,BERUBAH FUNGSI,0,KABUPATEN CIANJUR,JAWA BARAT,HEKTAR,2017
421,3204,32,BAIK,0,KABUPATEN BANDUNG,JAWA BARAT,HEKTAR,2017
422,3204,32,SEDANG,0,KABUPATEN BANDUNG,JAWA BARAT,HEKTAR,2017
423,3204,32,RUSAK,0,KABUPATEN BANDUNG,JAWA BARAT,HEKTAR,2017
424,3204,32,REHABILITASI,0,KABUPATEN BANDUNG,JAWA BARAT,HEKTAR,2017
425,3204,32,BERUBAH FUNGSI,0,KABUPATEN BANDUNG,JAWA BARAT,HEKTAR,2017
426,3205,32,BAIK,0,KABUPATEN GARUT,JAWA BARAT,HEKTAR,2017
427,3205,32,SEDANG,0,KABUPATEN GARUT,JAWA BARAT,HEKTAR,2017
428,3205,32,RUSAK,0,KABUPATEN GARUT,JAWA BARAT,HEKTAR,2017
429,3205,32,REHABILITASI,0,KABUPATEN GARUT,JAWA BARAT,HEKTAR,2017
430,3205,32,BERUBAH FUNGSI,0,KABUPATEN GARUT,JAWA BARAT,HEKTAR,2017
431,3206,32,BAIK,0,KABUPATEN TASIKMALAYA,JAWA BARAT,HEKTAR,2017
432,3206,32,SEDANG,0,KABUPATEN TASIKMALAYA,JAWA BARAT,HEKTAR,2017
433,3206,32,RUSAK,0,KABUPATEN TASIKMALAYA,JAWA BARAT,HEKTAR,2017
434,3206,32,REHABILITASI,0,KABUPATEN TASIKMALAYA,JAWA BARAT,HEKTAR,2017
435,3206,32,BERUBAH FUNGSI,0,KABUPATEN TASIKMALAYA,JAWA BARAT,HEKTAR,2017
436,3207,32,BAIK,0,KABUPATEN CIAMIS,JAWA BARAT,HEKTAR,2017
437,3207,32,SEDANG,0,KABUPATEN CIAMIS,JAWA BARAT,HEKTAR,2017
438,3207,32,RUSAK,0,KABUPATEN CIAMIS,JAWA BARAT,HEKTAR,2017
439,3207,32,REHABILITASI,0,KABUPATEN CIAMIS,JAWA BARAT,HEKTAR,2017
440,3207,32,BERUBAH FUNGSI,0,KABUPATEN CIAMIS,JAWA BARAT,HEKTAR,2017
441,3208,32,BAIK,0,KABUPATEN KUNINGAN,JAWA BARAT,HEKTAR,2017
442,3208,32,SEDANG,0,KABUPATEN KUNINGAN,JAWA BARAT,HEKTAR,2017
443,3208,32,RUSAK,0,KABUPATEN KUNINGAN,JAWA BARAT,HEKTAR,2017
444,3208,32,REHABILITASI,0,KABUPATEN KUNINGAN,JAWA BARAT,HEKTAR,2017
445,3208,32,BERUBAH FUNGSI,0,KABUPATEN KUNINGAN,JAWA BARAT,HEKTAR,2017
446,3209,32,BAIK,11000,KABUPATEN CIREBON,JAWA BARAT,HEKTAR,2017
447,3209,32,SEDANG,2000,KABUPATEN CIREBON,JAWA BARAT,HEKTAR,2017
448,3209,32,RUSAK,4800,KABUPATEN CIREBON,JAWA BARAT,HEKTAR,2017
449,3209,32,REHABILITASI,1000,KABUPATEN CIREBON,JAWA BARAT,HEKTAR,2017
450,3209,32,BERUBAH FUNGSI,1000,KABUPATEN CIREBON,JAWA BARAT,HEKTAR,2017
451,3210,32,BAIK,0,KABUPATEN MAJALENGKA,JAWA BARAT,HEKTAR,2017
452,3210,32,SEDANG,0,KABUPATEN MAJALENGKA,JAWA BARAT,HEKTAR,2017
453,3210,32,RUSAK,0,KABUPATEN MAJALENGKA,JAWA BARAT,HEKTAR,2017
454,3210,32,REHABILITASI,0,KABUPATEN MAJALENGKA,JAWA BARAT,HEKTAR,2017
455,3210,32,BERUBAH FUNGSI,0,KABUPATEN MAJALENGKA,JAWA BARAT,HEKTAR,2017
456,3211,32,BAIK,0,KABUPATEN SUMEDANG,JAWA BARAT,HEKTAR,2017
457,3211,32,SEDANG,0,KABUPATEN SUMEDANG,JAWA BARAT,HEKTAR,2017
458,3211,32,RUSAK,0,KABUPATEN SUMEDANG,JAWA BARAT,HEKTAR,2017
459,3211,32,REHABILITASI,0,KABUPATEN SUMEDANG,JAWA BARAT,HEKTAR,2017
460,3211,32,BERUBAH FUNGSI,0,KABUPATEN SUMEDANG,JAWA BARAT,HEKTAR,2017
461,3212,32,BAIK,173064,KABUPATEN INDRAMAYU,JAWA BARAT,HEKTAR,2017
462,3212,32,SEDANG,178377,KABUPATEN INDRAMAYU,JAWA BARAT,HEKTAR,2017
463,3212,32,RUSAK,919178,KABUPATEN INDRAMAYU,JAWA BARAT,HEKTAR,2017
464,3212,32,REHABILITASI,910,KABUPATEN INDRAMAYU,JAWA BARAT,HEKTAR,2017
465,3212,32,BERUBAH FUNGSI,0,KABUPATEN INDRAMAYU,JAWA BARAT,HEKTAR,2017
466,3213,32,BAIK,0,KABUPATEN SUBANG,JAWA BARAT,HEKTAR,2017
467,3213,32,SEDANG,0,KABUPATEN SUBANG,JAWA BARAT,HEKTAR,2017
468,3213,32,RUSAK,0,KABUPATEN SUBANG,JAWA BARAT,HEKTAR,2017
469,3213,32,REHABILITASI,0,KABUPATEN SUBANG,JAWA BARAT,HEKTAR,2017
470,3213,32,BERUBAH FUNGSI,0,KABUPATEN SUBANG,JAWA BARAT,HEKTAR,2017
471,3214,32,BAIK,0,KABUPATEN PURWAKARTA,JAWA BARAT,HEKTAR,2017
472,3214,32,SEDANG,0,KABUPATEN PURWAKARTA,JAWA BARAT,HEKTAR,2017
473,3214,32,RUSAK,0,KABUPATEN PURWAKARTA,JAWA BARAT,HEKTAR,2017
474,3214,32,REHABILITASI,0,KABUPATEN PURWAKARTA,JAWA BARAT,HEKTAR,2017
475,3214,32,BERUBAH FUNGSI,0,KABUPATEN PURWAKARTA,JAWA BARAT,HEKTAR,2017
476,3215,32,BAIK,0,KABUPATEN KARAWANG,JAWA BARAT,HEKTAR,2017
477,3215,32,SEDANG,0,KABUPATEN KARAWANG,JAWA BARAT,HEKTAR,2017
478,3215,32,RUSAK,0,KABUPATEN KARAWANG,JAWA BARAT,HEKTAR,2017
479,3215,32,REHABILITASI,0,KABUPATEN KARAWANG,JAWA BARAT,HEKTAR,2017
480,3215,32,BERUBAH FUNGSI,0,KABUPATEN KARAWANG,JAWA BARAT,HEKTAR,2017
481,3216,32,BAIK,0,KABUPATEN BEKASI,JAWA BARAT,HEKTAR,2017
482,3216,32,SEDANG,0,KABUPATEN BEKASI,JAWA BARAT,HEKTAR,2017
483,3216,32,RUSAK,0,KABUPATEN BEKASI,JAWA BARAT,HEKTAR,2017
484,3216,32,REHABILITASI,0,KABUPATEN BEKASI,JAWA BARAT,HEKTAR,2017
485,3216,32,BERUBAH FUNGSI,0,KABUPATEN BEKASI,JAWA BARAT,HEKTAR,2017
486,3217,32,BAIK,0,KABUPATEN BANDUNG BARAT,JAWA BARAT,HEKTAR,2017
487,3217,32,SEDANG,0,KABUPATEN BANDUNG BARAT,JAWA BARAT,HEKTAR,2017
488,3217,32,RUSAK,0,KABUPATEN BANDUNG BARAT,JAWA BARAT,HEKTAR,2017
489,3217,32,REHABILITASI,0,KABUPATEN BANDUNG BARAT,JAWA BARAT,HEKTAR,2017
490,3217,32,BERUBAH FUNGSI,0,KABUPATEN BANDUNG BARAT,JAWA BARAT,HEKTAR,2017
491,3218,32,BAIK,0,KABUPATEN PANGANDARAN,JAWA BARAT,HEKTAR,2017
492,3218,32,SEDANG,0,KABUPATEN PANGANDARAN,JAWA BARAT,HEKTAR,2017
493,3218,32,RUSAK,0,KABUPATEN PANGANDARAN,JAWA BARAT,HEKTAR,2017
494,3218,32,REHABILITASI,300,KABUPATEN PANGANDARAN,JAWA BARAT,HEKTAR,2017
495,3218,32,BERUBAH FUNGSI,0,KABUPATEN PANGANDARAN,JAWA BARAT,HEKTAR,2017
496,3271,32,BAIK,0,KOTA BOGOR,JAWA BARAT,HEKTAR,2017
497,3271,32,SEDANG,0,KOTA BOGOR,JAWA BARAT,HEKTAR,2017
498,3271,32,RUSAK,0,KOTA BOGOR,JAWA BARAT,HEKTAR,2017
499,3271,32,REHABILITASI,0,KOTA BOGOR,JAWA BARAT,HEKTAR,2017
500,3271,32,BERUBAH FUNGSI,0,KOTA BOGOR,JAWA BARAT,HEKTAR,2017
501,3272,32,BAIK,0,KOTA SUKABUMI,JAWA BARAT,HEKTAR,2017
502,3272,32,SEDANG,0,KOTA SUKABUMI,JAWA BARAT,HEKTAR,2017
503,3272,32,RUSAK,0,KOTA SUKABUMI,JAWA BARAT,HEKTAR,2017
504,3272,32,REHABILITASI,0,KOTA SUKABUMI,JAWA BARAT,HEKTAR,2017
505,3272,32,BERUBAH FUNGSI,0,KOTA SUKABUMI,JAWA BARAT,HEKTAR,2017
506,3273,32,BAIK,0,KOTA BANDUNG,JAWA BARAT,HEKTAR,2017
507,3273,32,SEDANG,0,KOTA BANDUNG,JAWA BARAT,HEKTAR,2017
508,3273,32,RUSAK,0,KOTA BANDUNG,JAWA BARAT,HEKTAR,2017
509,3273,32,REHABILITASI,0,KOTA BANDUNG,JAWA BARAT,HEKTAR,2017
510,3273,32,BERUBAH FUNGSI,0,KOTA BANDUNG,JAWA BARAT,HEKTAR,2017
511,3274,32,BAIK,0,KOTA CIREBON,JAWA BARAT,HEKTAR,2017
512,3274,32,SEDANG,0,KOTA CIREBON,JAWA BARAT,HEKTAR,2017
513,3274,32,RUSAK,0,KOTA CIREBON,JAWA BARAT,HEKTAR,2017
514,3274,32,REHABILITASI,0,KOTA CIREBON,JAWA BARAT,HEKTAR,2017
515,3274,32,BERUBAH FUNGSI,0,KOTA CIREBON,JAWA BARAT,HEKTAR,2017
516,3275,32,BAIK,0,KOTA BEKASI,JAWA BARAT,HEKTAR,2017
517,3275,32,SEDANG,0,KOTA BEKASI,JAWA BARAT,HEKTAR,2017
518,3275,32,RUSAK,0,KOTA BEKASI,JAWA BARAT,HEKTAR,2017
519,3275,32,REHABILITASI,0,KOTA BEKASI,JAWA BARAT,HEKTAR,2017
520,3275,32,BERUBAH FUNGSI,0,KOTA BEKASI,JAWA BARAT,HEKTAR,2017
521,3276,32,BAIK,0,KOTA DEPOK,JAWA BARAT,HEKTAR,2017
522,3276,32,SEDANG,0,KOTA DEPOK,JAWA BARAT,HEKTAR,2017
523,3276,32,RUSAK,0,KOTA DEPOK,JAWA BARAT,HEKTAR,2017
524,3276,32,REHABILITASI,0,KOTA DEPOK,JAWA BARAT,HEKTAR,2017
525,3276,32,BERUBAH FUNGSI,0,KOTA DEPOK,JAWA BARAT,HEKTAR,2017
526,3277,32,BAIK,0,KOTA CIMAHI,JAWA BARAT,HEKTAR,2017
527,3277,32,SEDANG,0,KOTA CIMAHI,JAWA BARAT,HEKTAR,2017
528,3277,32,RUSAK,0,KOTA CIMAHI,JAWA BARAT,HEKTAR,2017
529,3277,32,REHABILITASI,0,KOTA CIMAHI,JAWA BARAT,HEKTAR,2017
530,3277,32,BERUBAH FUNGSI,0,KOTA CIMAHI,JAWA BARAT,HEKTAR,2017
531,3278,32,BAIK,0,KOTA TASIKMALAYA,JAWA BARAT,HEKTAR,2017
532,3278,32,SEDANG,0,KOTA TASIKMALAYA,JAWA BARAT,HEKTAR,2017
533,3278,32,RUSAK,0,KOTA TASIKMALAYA,JAWA BARAT,HEKTAR,2017
534,3278,32,REHABILITASI,0,KOTA TASIKMALAYA,JAWA BARAT,HEKTAR,2017
535,3278,32,BERUBAH FUNGSI,0,KOTA TASIKMALAYA,JAWA BARAT,HEKTAR,2017
536,3279,32,BAIK,0,KOTA BANJAR,JAWA BARAT,HEKTAR,2017
537,3279,32,SEDANG,0,KOTA BANJAR,JAWA BARAT,HEKTAR,2017
538,3279,32,RUSAK,0,KOTA BANJAR,JAWA BARAT,HEKTAR,2017
539,3279,32,REHABILITASI,0,KOTA BANJAR,JAWA BARAT,HEKTAR,2017
540,3279,32,BERUBAH FUNGSI,0,KOTA BANJAR,JAWA BARAT,HEKTAR,2017
541,3201,32,BAIK,0,KABUPATEN BOGOR,JAWA BARAT,HEKTAR,2018
542,3201,32,SEDANG,0,KABUPATEN BOGOR,JAWA BARAT,HEKTAR,2018
543,3201,32,RUSAK,0,KABUPATEN BOGOR,JAWA BARAT,HEKTAR,2018
544,3201,32,REHABILITASI,0,KABUPATEN BOGOR,JAWA BARAT,HEKTAR,2018
545,3201,32,BERUBAH FUNGSI,0,KABUPATEN BOGOR,JAWA BARAT,HEKTAR,2018
546,3202,32,BAIK,0,KABUPATEN SUKABUMI,JAWA BARAT,HEKTAR,2018
547,3202,32,SEDANG,0,KABUPATEN SUKABUMI,JAWA BARAT,HEKTAR,2018
548,3202,32,RUSAK,0,KABUPATEN SUKABUMI,JAWA BARAT,HEKTAR,2018
549,3202,32,REHABILITASI,0,KABUPATEN SUKABUMI,JAWA BARAT,HEKTAR,2018
550,3202,32,BERUBAH FUNGSI,0,KABUPATEN SUKABUMI,JAWA BARAT,HEKTAR,2018
551,3203,32,BAIK,0,KABUPATEN CIANJUR,JAWA BARAT,HEKTAR,2018
552,3203,32,SEDANG,0,KABUPATEN CIANJUR,JAWA BARAT,HEKTAR,2018
553,3203,32,RUSAK,0,KABUPATEN CIANJUR,JAWA BARAT,HEKTAR,2018
554,3203,32,REHABILITASI,0,KABUPATEN CIANJUR,JAWA BARAT,HEKTAR,2018
555,3203,32,BERUBAH FUNGSI,0,KABUPATEN CIANJUR,JAWA BARAT,HEKTAR,2018
556,3204,32,BAIK,0,KABUPATEN BANDUNG,JAWA BARAT,HEKTAR,2018
557,3204,32,SEDANG,0,KABUPATEN BANDUNG,JAWA BARAT,HEKTAR,2018
558,3204,32,RUSAK,0,KABUPATEN BANDUNG,JAWA BARAT,HEKTAR,2018
559,3204,32,REHABILITASI,0,KABUPATEN BANDUNG,JAWA BARAT,HEKTAR,2018
560,3204,32,BERUBAH FUNGSI,0,KABUPATEN BANDUNG,JAWA BARAT,HEKTAR,2018
561,3205,32,BAIK,0,KABUPATEN GARUT,JAWA BARAT,HEKTAR,2018
562,3205,32,SEDANG,0,KABUPATEN GARUT,JAWA BARAT,HEKTAR,2018
563,3205,32,RUSAK,0,KABUPATEN GARUT,JAWA BARAT,HEKTAR,2018
564,3205,32,REHABILITASI,0,KABUPATEN GARUT,JAWA BARAT,HEKTAR,2018
565,3205,32,BERUBAH FUNGSI,0,KABUPATEN GARUT,JAWA BARAT,HEKTAR,2018
566,3206,32,BAIK,0,KABUPATEN TASIKMALAYA,JAWA BARAT,HEKTAR,2018
567,3206,32,SEDANG,0,KABUPATEN TASIKMALAYA,JAWA BARAT,HEKTAR,2018
568,3206,32,RUSAK,0,KABUPATEN TASIKMALAYA,JAWA BARAT,HEKTAR,2018
569,3206,32,REHABILITASI,0,KABUPATEN TASIKMALAYA,JAWA BARAT,HEKTAR,2018
570,3206,32,BERUBAH FUNGSI,0,KABUPATEN TASIKMALAYA,JAWA BARAT,HEKTAR,2018
571,3207,32,BAIK,0,KABUPATEN CIAMIS,JAWA BARAT,HEKTAR,2018
572,3207,32,SEDANG,0,KABUPATEN CIAMIS,JAWA BARAT,HEKTAR,2018
573,3207,32,RUSAK,0,KABUPATEN CIAMIS,JAWA BARAT,HEKTAR,2018
574,3207,32,REHABILITASI,0,KABUPATEN CIAMIS,JAWA BARAT,HEKTAR,2018
575,3207,32,BERUBAH FUNGSI,0,KABUPATEN CIAMIS,JAWA BARAT,HEKTAR,2018
576,3208,32,BAIK,0,KABUPATEN KUNINGAN,JAWA BARAT,HEKTAR,2018
577,3208,32,SEDANG,0,KABUPATEN KUNINGAN,JAWA BARAT,HEKTAR,2018
578,3208,32,RUSAK,0,KABUPATEN KUNINGAN,JAWA BARAT,HEKTAR,2018
579,3208,32,REHABILITASI,0,KABUPATEN KUNINGAN,JAWA BARAT,HEKTAR,2018
580,3208,32,BERUBAH FUNGSI,0,KABUPATEN KUNINGAN,JAWA BARAT,HEKTAR,2018
581,3209,32,BAIK,0,KABUPATEN CIREBON,JAWA BARAT,HEKTAR,2018
582,3209,32,SEDANG,0,KABUPATEN CIREBON,JAWA BARAT,HEKTAR,2018
583,3209,32,RUSAK,0,KABUPATEN CIREBON,JAWA BARAT,HEKTAR,2018
584,3209,32,REHABILITASI,0,KABUPATEN CIREBON,JAWA BARAT,HEKTAR,2018
585,3209,32,BERUBAH FUNGSI,0,KABUPATEN CIREBON,JAWA BARAT,HEKTAR,2018
586,3210,32,BAIK,0,KABUPATEN MAJALENGKA,JAWA BARAT,HEKTAR,2018
587,3210,32,SEDANG,0,KABUPATEN MAJALENGKA,JAWA BARAT,HEKTAR,2018
588,3210,32,RUSAK,0,KABUPATEN MAJALENGKA,JAWA BARAT,HEKTAR,2018
589,3210,32,REHABILITASI,0,KABUPATEN MAJALENGKA,JAWA BARAT,HEKTAR,2018
590,3210,32,BERUBAH FUNGSI,0,KABUPATEN MAJALENGKA,JAWA BARAT,HEKTAR,2018
591,3211,32,BAIK,0,KABUPATEN SUMEDANG,JAWA BARAT,HEKTAR,2018
592,3211,32,SEDANG,0,KABUPATEN SUMEDANG,JAWA BARAT,HEKTAR,2018
593,3211,32,RUSAK,0,KABUPATEN SUMEDANG,JAWA BARAT,HEKTAR,2018
594,3211,32,REHABILITASI,0,KABUPATEN SUMEDANG,JAWA BARAT,HEKTAR,2018
595,3211,32,BERUBAH FUNGSI,0,KABUPATEN SUMEDANG,JAWA BARAT,HEKTAR,2018
596,3212,32,BAIK,1793018,KABUPATEN INDRAMAYU,JAWA BARAT,HEKTAR,2018
597,3212,32,SEDANG,2395532,KABUPATEN INDRAMAYU,JAWA BARAT,HEKTAR,2018
598,3212,32,RUSAK,79300,KABUPATEN INDRAMAYU,JAWA BARAT,HEKTAR,2018
599,3212,32,REHABILITASI,0,KABUPATEN INDRAMAYU,JAWA BARAT,HEKTAR,2018
600,3212,32,BERUBAH FUNGSI,0,KABUPATEN INDRAMAYU,JAWA BARAT,HEKTAR,2018
601,3213,32,BAIK,0,KABUPATEN SUBANG,JAWA BARAT,HEKTAR,2018
602,3213,32,SEDANG,0,KABUPATEN SUBANG,JAWA BARAT,HEKTAR,2018
603,3213,32,RUSAK,0,KABUPATEN SUBANG,JAWA BARAT,HEKTAR,2018
604,3213,32,REHABILITASI,0,KABUPATEN SUBANG,JAWA BARAT,HEKTAR,2018
605,3213,32,BERUBAH FUNGSI,0,KABUPATEN SUBANG,JAWA BARAT,HEKTAR,2018
606,3214,32,BAIK,0,KABUPATEN PURWAKARTA,JAWA BARAT,HEKTAR,2018
607,3214,32,SEDANG,0,KABUPATEN PURWAKARTA,JAWA BARAT,HEKTAR,2018
608,3214,32,RUSAK,0,KABUPATEN PURWAKARTA,JAWA BARAT,HEKTAR,2018
609,3214,32,REHABILITASI,0,KABUPATEN PURWAKARTA,JAWA BARAT,HEKTAR,2018
610,3214,32,BERUBAH FUNGSI,0,KABUPATEN PURWAKARTA,JAWA BARAT,HEKTAR,2018
611,3215,32,BAIK,0,KABUPATEN KARAWANG,JAWA BARAT,HEKTAR,2018
612,3215,32,SEDANG,0,KABUPATEN KARAWANG,JAWA BARAT,HEKTAR,2018
613,3215,32,RUSAK,0,KABUPATEN KARAWANG,JAWA BARAT,HEKTAR,2018
614,3215,32,REHABILITASI,0,KABUPATEN KARAWANG,JAWA BARAT,HEKTAR,2018
615,3215,32,BERUBAH FUNGSI,0,KABUPATEN KARAWANG,JAWA BARAT,HEKTAR,2018
616,3216,32,BAIK,0,KABUPATEN BEKASI,JAWA BARAT,HEKTAR,2018
617,3216,32,SEDANG,0,KABUPATEN BEKASI,JAWA BARAT,HEKTAR,2018
618,3216,32,RUSAK,0,KABUPATEN BEKASI,JAWA BARAT,HEKTAR,2018
619,3216,32,REHABILITASI,0,KABUPATEN BEKASI,JAWA BARAT,HEKTAR,2018
620,3216,32,BERUBAH FUNGSI,0,KABUPATEN BEKASI,JAWA BARAT,HEKTAR,2018
621,3217,32,BAIK,0,KABUPATEN BANDUNG BARAT,JAWA BARAT,HEKTAR,2018
622,3217,32,SEDANG,0,KABUPATEN BANDUNG BARAT,JAWA BARAT,HEKTAR,2018
623,3217,32,RUSAK,0,KABUPATEN BANDUNG BARAT,JAWA BARAT,HEKTAR,2018
624,3217,32,REHABILITASI,0,KABUPATEN BANDUNG BARAT,JAWA BARAT,HEKTAR,2018
625,3217,32,BERUBAH FUNGSI,0,KABUPATEN BANDUNG BARAT,JAWA BARAT,HEKTAR,2018
626,3218,32,BAIK,0,KABUPATEN PANGANDARAN,JAWA BARAT,HEKTAR,2018
627,3218,32,SEDANG,0,KABUPATEN PANGANDARAN,JAWA BARAT,HEKTAR,2018
628,3218,32,RUSAK,0,KABUPATEN PANGANDARAN,JAWA BARAT,HEKTAR,2018
629,3218,32,REHABILITASI,0,KABUPATEN PANGANDARAN,JAWA BARAT,HEKTAR,2018
630,3218,32,BERUBAH FUNGSI,0,KABUPATEN PANGANDARAN,JAWA BARAT,HEKTAR,2018
631,3271,32,BAIK,0,KOTA BOGOR,JAWA BARAT,HEKTAR,2018
632,3271,32,SEDANG,0,KOTA BOGOR,JAWA BARAT,HEKTAR,2018
633,3271,32,RUSAK,0,KOTA BOGOR,JAWA BARAT,HEKTAR,2018
634,3271,32,REHABILITASI,0,KOTA BOGOR,JAWA BARAT,HEKTAR,2018
635,3271,32,BERUBAH FUNGSI,0,KOTA BOGOR,JAWA BARAT,HEKTAR,2018
636,3272,32,BAIK,0,KOTA SUKABUMI,JAWA BARAT,HEKTAR,2018
637,3272,32,SEDANG,0,KOTA SUKABUMI,JAWA BARAT,HEKTAR,2018
638,3272,32,RUSAK,0,KOTA SUKABUMI,JAWA BARAT,HEKTAR,2018
639,3272,32,REHABILITASI,0,KOTA SUKABUMI,JAWA BARAT,HEKTAR,2018
640,3272,32,BERUBAH FUNGSI,0,KOTA SUKABUMI,JAWA BARAT,HEKTAR,2018
641,3273,32,BAIK,0,KOTA BANDUNG,JAWA BARAT,HEKTAR,2018
642,3273,32,SEDANG,0,KOTA BANDUNG,JAWA BARAT,HEKTAR,2018
643,3273,32,RUSAK,0,KOTA BANDUNG,JAWA BARAT,HEKTAR,2018
644,3273,32,REHABILITASI,0,KOTA BANDUNG,JAWA BARAT,HEKTAR,2018
645,3273,32,BERUBAH FUNGSI,0,KOTA BANDUNG,JAWA BARAT,HEKTAR,2018
646,3274,32,BAIK,0,KOTA CIREBON,JAWA BARAT,HEKTAR,2018
647,3274,32,SEDANG,0,KOTA CIREBON,JAWA BARAT,HEKTAR,2018
648,3274,32,RUSAK,0,KOTA CIREBON,JAWA BARAT,HEKTAR,2018
649,3274,32,REHABILITASI,0,KOTA CIREBON,JAWA BARAT,HEKTAR,2018
650,3274,32,BERUBAH FUNGSI,0,KOTA CIREBON,JAWA BARAT,HEKTAR,2018
651,3275,32,BAIK,0,KOTA BEKASI,JAWA BARAT,HEKTAR,2018
652,3275,32,SEDANG,0,KOTA BEKASI,JAWA BARAT,HEKTAR,2018
653,3275,32,RUSAK,0,KOTA BEKASI,JAWA BARAT,HEKTAR,2018
654,3275,32,REHABILITASI,0,KOTA BEKASI,JAWA BARAT,HEKTAR,2018
655,3275,32,BERUBAH FUNGSI,0,KOTA BEKASI,JAWA BARAT,HEKTAR,2018
656,3276,32,BAIK,0,KOTA DEPOK,JAWA BARAT,HEKTAR,2018
657,3276,32,SEDANG,0,KOTA DEPOK,JAWA BARAT,HEKTAR,2018
658,3276,32,RUSAK,0,KOTA DEPOK,JAWA BARAT,HEKTAR,2018
659,3276,32,REHABILITASI,0,KOTA DEPOK,JAWA BARAT,HEKTAR,2018
660,3276,32,BERUBAH FUNGSI,0,KOTA DEPOK,JAWA BARAT,HEKTAR,2018
661,3277,32,BAIK,0,KOTA CIMAHI,JAWA BARAT,HEKTAR,2018
662,3277,32,SEDANG,0,KOTA CIMAHI,JAWA BARAT,HEKTAR,2018
663,3277,32,RUSAK,0,KOTA CIMAHI,JAWA BARAT,HEKTAR,2018
664,3277,32,REHABILITASI,0,KOTA CIMAHI,JAWA BARAT,HEKTAR,2018
665,3277,32,BERUBAH FUNGSI,0,KOTA CIMAHI,JAWA BARAT,HEKTAR,2018
666,3278,32,BAIK,0,KOTA TASIKMALAYA,JAWA BARAT,HEKTAR,2018
667,3278,32,SEDANG,0,KOTA TASIKMALAYA,JAWA BARAT,HEKTAR,2018
668,3278,32,RUSAK,0,KOTA TASIKMALAYA,JAWA BARAT,HEKTAR,2018
669,3278,32,REHABILITASI,0,KOTA TASIKMALAYA,JAWA BARAT,HEKTAR,2018
670,3278,32,BERUBAH FUNGSI,0,KOTA TASIKMALAYA,JAWA BARAT,HEKTAR,2018
671,3279,32,BAIK,0,KOTA BANJAR,JAWA BARAT,HEKTAR,2018
672,3279,32,SEDANG,0,KOTA BANJAR,JAWA BARAT,HEKTAR,2018
673,3279,32,RUSAK,0,KOTA BANJAR,JAWA BARAT,HEKTAR,2018
674,3279,32,REHABILITASI,0,KOTA BANJAR,JAWA BARAT,HEKTAR,2018
675,3279,32,BERUBAH FUNGSI,0,KOTA BANJAR,JAWA BARAT,HEKTAR,2018
676,3201,32,BAIK,0,KABUPATEN BOGOR,JAWA BARAT,HEKTAR,2019
677,3201,32,SEDANG,0,KABUPATEN BOGOR,JAWA BARAT,HEKTAR,2019
678,3201,32,RUSAK,0,KABUPATEN BOGOR,JAWA BARAT,HEKTAR,2019
679,3201,32,REHABILITASI,0,KABUPATEN BOGOR,JAWA BARAT,HEKTAR,2019
680,3201,32,BERUBAH FUNGSI,0,KABUPATEN BOGOR,JAWA BARAT,HEKTAR,2019
681,3202,32,BAIK,0,KABUPATEN SUKABUMI,JAWA BARAT,HEKTAR,2019
682,3202,32,SEDANG,0,KABUPATEN SUKABUMI,JAWA BARAT,HEKTAR,2019
683,3202,32,RUSAK,450,KABUPATEN SUKABUMI,JAWA BARAT,HEKTAR,2019
684,3202,32,REHABILITASI,0,KABUPATEN SUKABUMI,JAWA BARAT,HEKTAR,2019
685,3202,32,BERUBAH FUNGSI,0,KABUPATEN SUKABUMI,JAWA BARAT,HEKTAR,2019
686,3203,32,BAIK,0,KABUPATEN CIANJUR,JAWA BARAT,HEKTAR,2019
687,3203,32,SEDANG,0,KABUPATEN CIANJUR,JAWA BARAT,HEKTAR,2019
688,3203,32,RUSAK,0,KABUPATEN CIANJUR,JAWA BARAT,HEKTAR,2019
689,3203,32,REHABILITASI,0,KABUPATEN CIANJUR,JAWA BARAT,HEKTAR,2019
690,3203,32,BERUBAH FUNGSI,0,KABUPATEN CIANJUR,JAWA BARAT,HEKTAR,2019
691,3204,32,BAIK,0,KABUPATEN BANDUNG,JAWA BARAT,HEKTAR,2019
692,3204,32,SEDANG,0,KABUPATEN BANDUNG,JAWA BARAT,HEKTAR,2019
693,3204,32,RUSAK,0,KABUPATEN BANDUNG,JAWA BARAT,HEKTAR,2019
694,3204,32,REHABILITASI,0,KABUPATEN BANDUNG,JAWA BARAT,HEKTAR,2019
695,3204,32,BERUBAH FUNGSI,0,KABUPATEN BANDUNG,JAWA BARAT,HEKTAR,2019
696,3205,32,BAIK,0,KABUPATEN GARUT,JAWA BARAT,HEKTAR,2019
697,3205,32,SEDANG,0,KABUPATEN GARUT,JAWA BARAT,HEKTAR,2019
698,3205,32,RUSAK,0,KABUPATEN GARUT,JAWA BARAT,HEKTAR,2019
699,3205,32,REHABILITASI,0,KABUPATEN GARUT,JAWA BARAT,HEKTAR,2019
700,3205,32,BERUBAH FUNGSI,0,KABUPATEN GARUT,JAWA BARAT,HEKTAR,2019
701,3206,32,BAIK,0,KABUPATEN TASIKMALAYA,JAWA BARAT,HEKTAR,2019
702,3206,32,SEDANG,0,KABUPATEN TASIKMALAYA,JAWA BARAT,HEKTAR,2019
703,3206,32,RUSAK,0,KABUPATEN TASIKMALAYA,JAWA BARAT,HEKTAR,2019
704,3206,32,REHABILITASI,0,KABUPATEN TASIKMALAYA,JAWA BARAT,HEKTAR,2019
705,3206,32,BERUBAH FUNGSI,0,KABUPATEN TASIKMALAYA,JAWA BARAT,HEKTAR,2019
706,3207,32,BAIK,0,KABUPATEN CIAMIS,JAWA BARAT,HEKTAR,2019
707,3207,32,SEDANG,0,KABUPATEN CIAMIS,JAWA BARAT,HEKTAR,2019
708,3207,32,RUSAK,0,KABUPATEN CIAMIS,JAWA BARAT,HEKTAR,2019
709,3207,32,REHABILITASI,0,KABUPATEN CIAMIS,JAWA BARAT,HEKTAR,2019
710,3207,32,BERUBAH FUNGSI,0,KABUPATEN CIAMIS,JAWA BARAT,HEKTAR,2019
711,3208,32,BAIK,0,KABUPATEN KUNINGAN,JAWA BARAT,HEKTAR,2019
712,3208,32,SEDANG,0,KABUPATEN KUNINGAN,JAWA BARAT,HEKTAR,2019
713,3208,32,RUSAK,0,KABUPATEN KUNINGAN,JAWA BARAT,HEKTAR,2019
714,3208,32,REHABILITASI,0,KABUPATEN KUNINGAN,JAWA BARAT,HEKTAR,2019
715,3208,32,BERUBAH FUNGSI,0,KABUPATEN KUNINGAN,JAWA BARAT,HEKTAR,2019
716,3209,32,BAIK,0,KABUPATEN CIREBON,JAWA BARAT,HEKTAR,2019
717,3209,32,SEDANG,0,KABUPATEN CIREBON,JAWA BARAT,HEKTAR,2019
718,3209,32,RUSAK,0,KABUPATEN CIREBON,JAWA BARAT,HEKTAR,2019
719,3209,32,REHABILITASI,0,KABUPATEN CIREBON,JAWA BARAT,HEKTAR,2019
720,3209,32,BERUBAH FUNGSI,0,KABUPATEN CIREBON,JAWA BARAT,HEKTAR,2019
721,3210,32,BAIK,0,KABUPATEN MAJALENGKA,JAWA BARAT,HEKTAR,2019
722,3210,32,SEDANG,0,KABUPATEN MAJALENGKA,JAWA BARAT,HEKTAR,2019
723,3210,32,RUSAK,0,KABUPATEN MAJALENGKA,JAWA BARAT,HEKTAR,2019
724,3210,32,REHABILITASI,0,KABUPATEN MAJALENGKA,JAWA BARAT,HEKTAR,2019
725,3210,32,BERUBAH FUNGSI,0,KABUPATEN MAJALENGKA,JAWA BARAT,HEKTAR,2019
726,3211,32,BAIK,0,KABUPATEN SUMEDANG,JAWA BARAT,HEKTAR,2019
727,3211,32,SEDANG,0,KABUPATEN SUMEDANG,JAWA BARAT,HEKTAR,2019
728,3211,32,RUSAK,0,KABUPATEN SUMEDANG,JAWA BARAT,HEKTAR,2019
729,3211,32,REHABILITASI,0,KABUPATEN SUMEDANG,JAWA BARAT,HEKTAR,2019
730,3211,32,BERUBAH FUNGSI,0,KABUPATEN SUMEDANG,JAWA BARAT,HEKTAR,2019
731,3212,32,BAIK,182802,KABUPATEN INDRAMAYU,JAWA BARAT,HEKTAR,2019
732,3212,32,SEDANG,239553,KABUPATEN INDRAMAYU,JAWA BARAT,HEKTAR,2019
733,3212,32,RUSAK,79300,KABUPATEN INDRAMAYU,JAWA BARAT,HEKTAR,2019
734,3212,32,REHABILITASI,0,KABUPATEN INDRAMAYU,JAWA BARAT,HEKTAR,2019
735,3212,32,BERUBAH FUNGSI,0,KABUPATEN INDRAMAYU,JAWA BARAT,HEKTAR,2019
736,3213,32,BAIK,0,KABUPATEN SUBANG,JAWA BARAT,HEKTAR,2019
737,3213,32,SEDANG,0,KABUPATEN SUBANG,JAWA BARAT,HEKTAR,2019
738,3213,32,RUSAK,73460,KABUPATEN SUBANG,JAWA BARAT,HEKTAR,2019
739,3213,32,REHABILITASI,0,KABUPATEN SUBANG,JAWA BARAT,HEKTAR,2019
740,3213,32,BERUBAH FUNGSI,0,KABUPATEN SUBANG,JAWA BARAT,HEKTAR,2019
741,3214,32,BAIK,0,KABUPATEN PURWAKARTA,JAWA BARAT,HEKTAR,2019
742,3214,32,SEDANG,0,KABUPATEN PURWAKARTA,JAWA BARAT,HEKTAR,2019
743,3214,32,RUSAK,0,KABUPATEN PURWAKARTA,JAWA BARAT,HEKTAR,2019
744,3214,32,REHABILITASI,0,KABUPATEN PURWAKARTA,JAWA BARAT,HEKTAR,2019
745,3214,32,BERUBAH FUNGSI,0,KABUPATEN PURWAKARTA,JAWA BARAT,HEKTAR,2019
746,3215,32,BAIK,0,KABUPATEN KARAWANG,JAWA BARAT,HEKTAR,2019
747,3215,32,SEDANG,0,KABUPATEN KARAWANG,JAWA BARAT,HEKTAR,2019
748,3215,32,RUSAK,1338139,KABUPATEN KARAWANG,JAWA BARAT,HEKTAR,2019
749,3215,32,REHABILITASI,0,KABUPATEN KARAWANG,JAWA BARAT,HEKTAR,2019
750,3215,32,BERUBAH FUNGSI,0,KABUPATEN KARAWANG,JAWA BARAT,HEKTAR,2019
751,3216,32,BAIK,0,KABUPATEN BEKASI,JAWA BARAT,HEKTAR,2019
752,3216,32,SEDANG,0,KABUPATEN BEKASI,JAWA BARAT,HEKTAR,2019
753,3216,32,RUSAK,1048115,KABUPATEN BEKASI,JAWA BARAT,HEKTAR,2019
754,3216,32,REHABILITASI,0,KABUPATEN BEKASI,JAWA BARAT,HEKTAR,2019
755,3216,32,BERUBAH FUNGSI,0,KABUPATEN BEKASI,JAWA BARAT,HEKTAR,2019
756,3217,32,BAIK,0,KABUPATEN BANDUNG BARAT,JAWA BARAT,HEKTAR,2019
757,3217,32,SEDANG,0,KABUPATEN BANDUNG BARAT,JAWA BARAT,HEKTAR,2019
758,3217,32,RUSAK,0,KABUPATEN BANDUNG BARAT,JAWA BARAT,HEKTAR,2019
759,3217,32,REHABILITASI,0,KABUPATEN BANDUNG BARAT,JAWA BARAT,HEKTAR,2019
760,3217,32,BERUBAH FUNGSI,0,KABUPATEN BANDUNG BARAT,JAWA BARAT,HEKTAR,2019
761,3218,32,BAIK,0,KABUPATEN PANGANDARAN,JAWA BARAT,HEKTAR,2019
762,3218,32,SEDANG,0,KABUPATEN PANGANDARAN,JAWA BARAT,HEKTAR,2019
763,3218,32,RUSAK,1750,KABUPATEN PANGANDARAN,JAWA BARAT,HEKTAR,2019
764,3218,32,REHABILITASI,0,KABUPATEN PANGANDARAN,JAWA BARAT,HEKTAR,2019
765,3218,32,BERUBAH FUNGSI,0,KABUPATEN PANGANDARAN,JAWA BARAT,HEKTAR,2019
766,3271,32,BAIK,0,KOTA BOGOR,JAWA BARAT,HEKTAR,2019
767,3271,32,SEDANG,0,KOTA BOGOR,JAWA BARAT,HEKTAR,2019
768,3271,32,RUSAK,0,KOTA BOGOR,JAWA BARAT,HEKTAR,2019
769,3271,32,REHABILITASI,0,KOTA BOGOR,JAWA BARAT,HEKTAR,2019
770,3271,32,BERUBAH FUNGSI,0,KOTA BOGOR,JAWA BARAT,HEKTAR,2019
771,3272,32,BAIK,0,KOTA SUKABUMI,JAWA BARAT,HEKTAR,2019
772,3272,32,SEDANG,0,KOTA SUKABUMI,JAWA BARAT,HEKTAR,2019
773,3272,32,RUSAK,0,KOTA SUKABUMI,JAWA BARAT,HEKTAR,2019
774,3272,32,REHABILITASI,0,KOTA SUKABUMI,JAWA BARAT,HEKTAR,2019
775,3272,32,BERUBAH FUNGSI,0,KOTA SUKABUMI,JAWA BARAT,HEKTAR,2019
776,3273,32,BAIK,0,KOTA BANDUNG,JAWA BARAT,HEKTAR,2019
777,3273,32,SEDANG,0,KOTA BANDUNG,JAWA BARAT,HEKTAR,2019
778,3273,32,RUSAK,0,KOTA BANDUNG,JAWA BARAT,HEKTAR,2019
779,3273,32,REHABILITASI,0,KOTA BANDUNG,JAWA BARAT,HEKTAR,2019
780,3273,32,BERUBAH FUNGSI,0,KOTA BANDUNG,JAWA BARAT,HEKTAR,2019
781,3274,32,BAIK,0,KOTA CIREBON,JAWA BARAT,HEKTAR,2019
782,3274,32,SEDANG,0,KOTA CIREBON,JAWA BARAT,HEKTAR,2019
783,3274,32,RUSAK,0,KOTA CIREBON,JAWA BARAT,HEKTAR,2019
784,3274,32,REHABILITASI,0,KOTA CIREBON,JAWA BARAT,HEKTAR,2019
785,3274,32,BERUBAH FUNGSI,0,KOTA CIREBON,JAWA BARAT,HEKTAR,2019
786,3275,32,BAIK,0,KOTA BEKASI,JAWA BARAT,HEKTAR,2019
787,3275,32,SEDANG,0,KOTA BEKASI,JAWA BARAT,HEKTAR,2019
788,3275,32,RUSAK,0,KOTA BEKASI,JAWA BARAT,HEKTAR,2019
789,3275,32,REHABILITASI,0,KOTA BEKASI,JAWA BARAT,HEKTAR,2019
790,3275,32,BERUBAH FUNGSI,0,KOTA BEKASI,JAWA BARAT,HEKTAR,2019
791,3276,32,BAIK,0,KOTA DEPOK,JAWA BARAT,HEKTAR,2019
792,3276,32,SEDANG,0,KOTA DEPOK,JAWA BARAT,HEKTAR,2019
793,3276,32,RUSAK,0,KOTA DEPOK,JAWA BARAT,HEKTAR,2019
794,3276,32,REHABILITASI,0,KOTA DEPOK,JAWA BARAT,HEKTAR,2019
795,3276,32,BERUBAH FUNGSI,0,KOTA DEPOK,JAWA BARAT,HEKTAR,2019
796,3277,32,BAIK,0,KOTA CIMAHI,JAWA BARAT,HEKTAR,2019
797,3277,32,SEDANG,0,KOTA CIMAHI,JAWA BARAT,HEKTAR,2019
798,3277,32,RUSAK,0,KOTA CIMAHI,JAWA BARAT,HEKTAR,2019
799,3277,32,REHABILITASI,0,KOTA CIMAHI,JAWA BARAT,HEKTAR,2019
800,3277,32,BERUBAH FUNGSI,0,KOTA CIMAHI,JAWA BARAT,HEKTAR,2019
801,3278,32,BAIK,0,KOTA TASIKMALAYA,JAWA BARAT,HEKTAR,2019
802,3278,32,SEDANG,0,KOTA TASIKMALAYA,JAWA BARAT,HEKTAR,2019
803,3278,32,RUSAK,0,KOTA TASIKMALAYA,JAWA BARAT,HEKTAR,2019
804,3278,32,REHABILITASI,0,KOTA TASIKMALAYA,JAWA BARAT,HEKTAR,2019
805,3278,32,BERUBAH FUNGSI,0,KOTA TASIKMALAYA,JAWA BARAT,HEKTAR,2019
806,3279,32,BAIK,0,KOTA BANJAR,JAWA BARAT,HEKTAR,2019
807,3279,32,SEDANG,0,KOTA BANJAR,JAWA BARAT,HEKTAR,2019
808,3279,32,RUSAK,0,KOTA BANJAR,JAWA BARAT,HEKTAR,2019
809,3279,32,REHABILITASI,0,KOTA BANJAR,JAWA BARAT,HEKTAR,2019
810,3279,32,BERUBAH FUNGSI,0,KOTA BANJAR,JAWA BARAT,HEKTAR,2019
811,3201,32,BAIK,0,KABUPATEN BOGOR,JAWA BARAT,HEKTAR,2020
812,3201,32,SEDANG,0,KABUPATEN BOGOR,JAWA BARAT,HEKTAR,2020
813,3201,32,RUSAK,0,KABUPATEN BOGOR,JAWA BARAT,HEKTAR,2020
814,3201,32,REHABILITASI,0,KABUPATEN BOGOR,JAWA BARAT,HEKTAR,2020
815,3201,32,BERUBAH FUNGSI,0,KABUPATEN BOGOR,JAWA BARAT,HEKTAR,2020
816,3202,32,BAIK,0,KABUPATEN SUKABUMI,JAWA BARAT,HEKTAR,2020
817,3202,32,SEDANG,0,KABUPATEN SUKABUMI,JAWA BARAT,HEKTAR,2020
818,3202,32,RUSAK,450,KABUPATEN SUKABUMI,JAWA BARAT,HEKTAR,2020
819,3202,32,REHABILITASI,0,KABUPATEN SUKABUMI,JAWA BARAT,HEKTAR,2020
820,3202,32,BERUBAH FUNGSI,0,KABUPATEN SUKABUMI,JAWA BARAT,HEKTAR,2020
821,3203,32,BAIK,0,KABUPATEN CIANJUR,JAWA BARAT,HEKTAR,2020
822,3203,32,SEDANG,0,KABUPATEN CIANJUR,JAWA BARAT,HEKTAR,2020
823,3203,32,RUSAK,0,KABUPATEN CIANJUR,JAWA BARAT,HEKTAR,2020
824,3203,32,REHABILITASI,0,KABUPATEN CIANJUR,JAWA BARAT,HEKTAR,2020
825,3203,32,BERUBAH FUNGSI,0,KABUPATEN CIANJUR,JAWA BARAT,HEKTAR,2020
826,3204,32,BAIK,0,KABUPATEN BANDUNG,JAWA BARAT,HEKTAR,2020
827,3204,32,SEDANG,0,KABUPATEN BANDUNG,JAWA BARAT,HEKTAR,2020
828,3204,32,RUSAK,0,KABUPATEN BANDUNG,JAWA BARAT,HEKTAR,2020
829,3204,32,REHABILITASI,0,KABUPATEN BANDUNG,JAWA BARAT,HEKTAR,2020
830,3204,32,BERUBAH FUNGSI,0,KABUPATEN BANDUNG,JAWA BARAT,HEKTAR,2020
831,3205,32,BAIK,0,KABUPATEN GARUT,JAWA BARAT,HEKTAR,2020
832,3205,32,SEDANG,0,KABUPATEN GARUT,JAWA BARAT,HEKTAR,2020
833,3205,32,RUSAK,0,KABUPATEN GARUT,JAWA BARAT,HEKTAR,2020
834,3205,32,REHABILITASI,0,KABUPATEN GARUT,JAWA BARAT,HEKTAR,2020
835,3205,32,BERUBAH FUNGSI,0,KABUPATEN GARUT,JAWA BARAT,HEKTAR,2020
836,3206,32,BAIK,0,KABUPATEN TASIKMALAYA,JAWA BARAT,HEKTAR,2020
837,3206,32,SEDANG,0,KABUPATEN TASIKMALAYA,JAWA BARAT,HEKTAR,2020
838,3206,32,RUSAK,0,KABUPATEN TASIKMALAYA,JAWA BARAT,HEKTAR,2020
839,3206,32,REHABILITASI,0,KABUPATEN TASIKMALAYA,JAWA BARAT,HEKTAR,2020
840,3206,32,BERUBAH FUNGSI,0,KABUPATEN TASIKMALAYA,JAWA BARAT,HEKTAR,2020
841,3207,32,BAIK,0,KABUPATEN CIAMIS,JAWA BARAT,HEKTAR,2020
842,3207,32,SEDANG,0,KABUPATEN CIAMIS,JAWA BARAT,HEKTAR,2020
843,3207,32,RUSAK,0,KABUPATEN CIAMIS,JAWA BARAT,HEKTAR,2020
844,3207,32,REHABILITASI,0,KABUPATEN CIAMIS,JAWA BARAT,HEKTAR,2020
845,3207,32,BERUBAH FUNGSI,0,KABUPATEN CIAMIS,JAWA BARAT,HEKTAR,2020
846,3208,32,BAIK,0,KABUPATEN KUNINGAN,JAWA BARAT,HEKTAR,2020
847,3208,32,SEDANG,0,KABUPATEN KUNINGAN,JAWA BARAT,HEKTAR,2020
848,3208,32,RUSAK,0,KABUPATEN KUNINGAN,JAWA BARAT,HEKTAR,2020
849,3208,32,REHABILITASI,0,KABUPATEN KUNINGAN,JAWA BARAT,HEKTAR,2020
850,3208,32,BERUBAH FUNGSI,0,KABUPATEN KUNINGAN,JAWA BARAT,HEKTAR,2020
851,3209,32,BAIK,0,KABUPATEN CIREBON,JAWA BARAT,HEKTAR,2020
852,3209,32,SEDANG,0,KABUPATEN CIREBON,JAWA BARAT,HEKTAR,2020
853,3209,32,RUSAK,0,KABUPATEN CIREBON,JAWA BARAT,HEKTAR,2020
854,3209,32,REHABILITASI,0,KABUPATEN CIREBON,JAWA BARAT,HEKTAR,2020
855,3209,32,BERUBAH FUNGSI,0,KABUPATEN CIREBON,JAWA BARAT,HEKTAR,2020
856,3210,32,BAIK,0,KABUPATEN MAJALENGKA,JAWA BARAT,HEKTAR,2020
857,3210,32,SEDANG,0,KABUPATEN MAJALENGKA,JAWA BARAT,HEKTAR,2020
858,3210,32,RUSAK,0,KABUPATEN MAJALENGKA,JAWA BARAT,HEKTAR,2020
859,3210,32,REHABILITASI,0,KABUPATEN MAJALENGKA,JAWA BARAT,HEKTAR,2020
860,3210,32,BERUBAH FUNGSI,0,KABUPATEN MAJALENGKA,JAWA BARAT,HEKTAR,2020
861,3211,32,BAIK,0,KABUPATEN SUMEDANG,JAWA BARAT,HEKTAR,2020
862,3211,32,SEDANG,0,KABUPATEN SUMEDANG,JAWA BARAT,HEKTAR,2020
863,3211,32,RUSAK,0,KABUPATEN SUMEDANG,JAWA BARAT,HEKTAR,2020
864,3211,32,REHABILITASI,0,KABUPATEN SUMEDANG,JAWA BARAT,HEKTAR,2020
865,3211,32,BERUBAH FUNGSI,0,KABUPATEN SUMEDANG,JAWA BARAT,HEKTAR,2020
866,3212,32,BAIK,182802,KABUPATEN INDRAMAYU,JAWA BARAT,HEKTAR,2020
867,3212,32,SEDANG,239553,KABUPATEN INDRAMAYU,JAWA BARAT,HEKTAR,2020
868,3212,32,RUSAK,79300,KABUPATEN INDRAMAYU,JAWA BARAT,HEKTAR,2020
869,3212,32,REHABILITASI,0,KABUPATEN INDRAMAYU,JAWA BARAT,HEKTAR,2020
870,3212,32,BERUBAH FUNGSI,0,KABUPATEN INDRAMAYU,JAWA BARAT,HEKTAR,2020
871,3213,32,BAIK,0,KABUPATEN SUBANG,JAWA BARAT,HEKTAR,2020
872,3213,32,SEDANG,0,KABUPATEN SUBANG,JAWA BARAT,HEKTAR,2020
873,3213,32,RUSAK,73460,KABUPATEN SUBANG,JAWA BARAT,HEKTAR,2020
874,3213,32,REHABILITASI,0,KABUPATEN SUBANG,JAWA BARAT,HEKTAR,2020
875,3213,32,BERUBAH FUNGSI,0,KABUPATEN SUBANG,JAWA BARAT,HEKTAR,2020
876,3214,32,BAIK,0,KABUPATEN PURWAKARTA,JAWA BARAT,HEKTAR,2020
877,3214,32,SEDANG,0,KABUPATEN PURWAKARTA,JAWA BARAT,HEKTAR,2020
878,3214,32,RUSAK,0,KABUPATEN PURWAKARTA,JAWA BARAT,HEKTAR,2020
879,3214,32,REHABILITASI,0,KABUPATEN PURWAKARTA,JAWA BARAT,HEKTAR,2020
880,3214,32,BERUBAH FUNGSI,0,KABUPATEN PURWAKARTA,JAWA BARAT,HEKTAR,2020
881,3215,32,BAIK,0,KABUPATEN KARAWANG,JAWA BARAT,HEKTAR,2020
882,3215,32,SEDANG,0,KABUPATEN KARAWANG,JAWA BARAT,HEKTAR,2020
883,3215,32,RUSAK,1338139,KABUPATEN KARAWANG,JAWA BARAT,HEKTAR,2020
884,3215,32,REHABILITASI,0,KABUPATEN KARAWANG,JAWA BARAT,HEKTAR,2020
885,3215,32,BERUBAH FUNGSI,0,KABUPATEN KARAWANG,JAWA BARAT,HEKTAR,2020
886,3216,32,BAIK,0,KABUPATEN BEKASI,JAWA BARAT,HEKTAR,2020
887,3216,32,SEDANG,0,KABUPATEN BEKASI,JAWA BARAT,HEKTAR,2020
888,3216,32,RUSAK,1048115,KABUPATEN BEKASI,JAWA BARAT,HEKTAR,2020
889,3216,32,REHABILITASI,0,KABUPATEN BEKASI,JAWA BARAT,HEKTAR,2020
890,3216,32,BERUBAH FUNGSI,0,KABUPATEN BEKASI,JAWA BARAT,HEKTAR,2020
891,3217,32,BAIK,0,KABUPATEN BANDUNG BARAT,JAWA BARAT,HEKTAR,2020
892,3217,32,SEDANG,0,KABUPATEN BANDUNG BARAT,JAWA BARAT,HEKTAR,2020
893,3217,32,RUSAK,0,KABUPATEN BANDUNG BARAT,JAWA BARAT,HEKTAR,2020
894,3217,32,REHABILITASI,0,KABUPATEN BANDUNG BARAT,JAWA BARAT,HEKTAR,2020
895,3217,32,BERUBAH FUNGSI,0,KABUPATEN BANDUNG BARAT,JAWA BARAT,HEKTAR,2020
896,3218,32,BAIK,0,KABUPATEN PANGANDARAN,JAWA BARAT,HEKTAR,2020
897,3218,32,SEDANG,0,KABUPATEN PANGANDARAN,JAWA BARAT,HEKTAR,2020
898,3218,32,RUSAK,1750,KABUPATEN PANGANDARAN,JAWA BARAT,HEKTAR,2020
899,3218,32,REHABILITASI,0,KABUPATEN PANGANDARAN,JAWA BARAT,HEKTAR,2020
900,3218,32,BERUBAH FUNGSI,0,KABUPATEN PANGANDARAN,JAWA BARAT,HEKTAR,2020
901,3271,32,BAIK,0,KOTA BOGOR,JAWA BARAT,HEKTAR,2020
902,3271,32,SEDANG,0,KOTA BOGOR,JAWA BARAT,HEKTAR,2020
903,3271,32,RUSAK,0,KOTA BOGOR,JAWA BARAT,HEKTAR,2020
904,3271,32,REHABILITASI,0,KOTA BOGOR,JAWA BARAT,HEKTAR,2020
905,3271,32,BERUBAH FUNGSI,0,KOTA BOGOR,JAWA BARAT,HEKTAR,2020
906,3273,32,BAIK,0,KOTA BANDUNG,JAWA BARAT,HEKTAR,2020
907,3273,32,SEDANG,0,KOTA BANDUNG,JAWA BARAT,HEKTAR,2020
908,3273,32,RUSAK,0,KOTA BANDUNG,JAWA BARAT,HEKTAR,2020
909,3273,32,REHABILITASI,0,KOTA BANDUNG,JAWA BARAT,HEKTAR,2020
910,3273,32,BERUBAH FUNGSI,0,KOTA BANDUNG,JAWA BARAT,HEKTAR,2020
911,3275,32,BAIK,0,KOTA BEKASI,JAWA BARAT,HEKTAR,2020
912,3275,32,SEDANG,0,KOTA BEKASI,JAWA BARAT,HEKTAR,2020
913,3275,32,RUSAK,0,KOTA BEKASI,JAWA BARAT,HEKTAR,2020
914,3275,32,REHABILITASI,0,KOTA BEKASI,JAWA BARAT,HEKTAR,2020
915,3275,32,BERUBAH FUNGSI,0,KOTA BEKASI,JAWA BARAT,HEKTAR,2020
916,3277,32,BAIK,0,KOTA CIMAHI,JAWA BARAT,HEKTAR,2020
917,3277,32,SEDANG,0,KOTA CIMAHI,JAWA BARAT,HEKTAR,2020
918,3277,32,RUSAK,0,KOTA CIMAHI,JAWA BARAT,HEKTAR,2020
919,3277,32,REHABILITASI,0,KOTA CIMAHI,JAWA BARAT,HEKTAR,2020
920,3277,32,BERUBAH FUNGSI,0,KOTA CIMAHI,JAWA BARAT,HEKTAR,2020
921,3279,32,BAIK,0,KOTA BANJAR,JAWA BARAT,HEKTAR,2020
922,3279,32,SEDANG,0,KOTA BANJAR,JAWA BARAT,HEKTAR,2020
923,3279,32,RUSAK,0,KOTA BANJAR,JAWA BARAT,HEKTAR,2020
924,3279,32,REHABILITASI,0,KOTA BANJAR,JAWA BARAT,HEKTAR,2020
925,3279,32,BERUBAH FUNGSI,0,KOTA BANJAR,JAWA BARAT,HEKTAR,2020
926,3274,32,BAIK,0,KOTA CIREBON,JAWA BARAT,HEKTAR,2020
927,3274,32,SEDANG,0,KOTA CIREBON,JAWA BARAT,HEKTAR,2020
928,3274,32,RUSAK,0,KOTA CIREBON,JAWA BARAT,HEKTAR,2020
929,3274,32,REHABILITASI,0,KOTA CIREBON,JAWA BARAT,HEKTAR,2020
930,3274,32,BERUBAH FUNGSI,0,KOTA CIREBON,JAWA BARAT,HEKTAR,2020
931,3276,32,BAIK,0,KOTA DEPOK,JAWA BARAT,HEKTAR,2020
932,3276,32,SEDANG,0,KOTA DEPOK,JAWA BARAT,HEKTAR,2020
933,3276,32,RUSAK,0,KOTA DEPOK,JAWA BARAT,HEKTAR,2020
934,3276,32,REHABILITASI,0,KOTA DEPOK,JAWA BARAT,HEKTAR,2020
935,3276,32,BERUBAH FUNGSI,0,KOTA DEPOK,JAWA BARAT,HEKTAR,2020
936,3272,32,BAIK,0,KOTA SUKABUMI,JAWA BARAT,HEKTAR,2020
937,3272,32,SEDANG,0,KOTA SUKABUMI,JAWA BARAT,HEKTAR,2020
938,3272,32,RUSAK,0,KOTA SUKABUMI,JAWA BARAT,HEKTAR,2020
939,3272,32,REHABILITASI,0,KOTA SUKABUMI,JAWA BARAT,HEKTAR,2020
940,3272,32,BERUBAH FUNGSI,0,KOTA SUKABUMI,JAWA BARAT,HEKTAR,2020
941,3278,32,BAIK,0,KOTA TASIKMALAYA,JAWA BARAT,HEKTAR,2020
942,3278,32,SEDANG,0,KOTA TASIKMALAYA,JAWA BARAT,HEKTAR,2020
943,3278,32,RUSAK,0,KOTA TASIKMALAYA,JAWA BARAT,HEKTAR,2020
944,3278,32,REHABILITASI,0,KOTA TASIKMALAYA,JAWA BARAT,HEKTAR,2020
945,3278,32,BERUBAH FUNGSI,0,KOTA TASIKMALAYA,JAWA BARAT,HEKTAR,2020
