Cc 2;Country;Engtype 2;Gid 0;Gid 1;Gid 2;Hasc 2;Name 1;Name 2;Nl Name 1;Nl Name 2;Type 2;Varname 2;Geometry
1107;Indonesia;Regency;IDN;IDN.1_1;IDN.1.2_1;ID.AC.AB;Aceh;Aceh Barat;NA;NA;Kabupaten;NA;Polygon
1112;Indonesia;Regency;IDN;IDN.1_1;IDN.1.1_1;ID.AC.AD;Aceh;Aceh Barat Daya;NA;NA;Kabupaten;NA;MultiPolygon
1108;Indonesia;Regency;IDN;IDN.1_1;IDN.1.3_1;ID.AC.AR;Aceh;Aceh Besar;NA;NA;Kabupaten;NA;MultiPolygon
1116;Indonesia;Regency;IDN;IDN.1_1;IDN.1.4_1;ID.AC.AJ;Aceh;Aceh Jaya;NA;NA;Kabupaten;NA;MultiPolygon
1103;Indonesia;Regency;IDN;IDN.1_1;IDN.1.5_1;ID.AC.AS;Aceh;Aceh Selatan;NA;NA;Kabupaten;NA;MultiPolygon
1102;Indonesia;Regency;IDN;IDN.1_1;IDN.1.6_1;ID.AC.AN;Aceh;Aceh Singkil;NA;NA;Kabupaten;NA;MultiPolygon
1114;Indonesia;Regency;IDN;IDN.1_1;IDN.1.7_1;ID.AC.AM;Aceh;Aceh Tamiang;NA;NA;Kabupaten;NA;MultiPolygon
1106;Indonesia;Regency;IDN;IDN.1_1;IDN.1.8_1;ID.AC.AT;Aceh;Aceh Tengah;NA;NA;Kabupaten;NA;Polygon
1104;Indonesia;Regency;IDN;IDN.1_1;IDN.1.9_1;ID.AC.AG;Aceh;Aceh Tenggara;NA;NA;Kabupaten;NA;Polygon
1105;Indonesia;Regency;IDN;IDN.1_1;IDN.1.10_1;ID.AC.AI;Aceh;Aceh Timur;NA;NA;Kabupaten;NA;Polygon
1111;Indonesia;Regency;IDN;IDN.1_1;IDN.1.11_1;ID.AC.AU;Aceh;Aceh Utara;NA;NA;Kabupaten;NA;Polygon
1171;Indonesia;City;IDN;IDN.1_1;IDN.1.12_1;ID.AC.BA;Aceh;Banda Aceh;NA;NA;Kota;NA;Polygon
1117;Indonesia;Regency;IDN;IDN.1_1;IDN.1.13_1;ID.AC.BM;Aceh;Bener Meriah;NA;NA;Kabupaten;NA;Polygon
1110;Indonesia;Regency;IDN;IDN.1_1;IDN.1.14_1;ID.AC.BI;Aceh;Bireuen;NA;NA;Kabupaten;NA;Polygon
1113;Indonesia;Regency;IDN;IDN.1_1;IDN.1.15_1;ID.AC.GL;Aceh;Gayo Lues;NA;NA;Kabupaten;NA;Polygon
1173;Indonesia;City;IDN;IDN.1_1;IDN.1.16_1;ID.AC.LA;Aceh;Langsa;NA;NA;Kota;NA;MultiPolygon
1174;Indonesia;City;IDN;IDN.1_1;IDN.1.17_1;ID.AC.LH;Aceh;Lhokseumawe;NA;NA;Kota;NA;Polygon
1115;Indonesia;Regency;IDN;IDN.1_1;IDN.1.18_1;ID.AC.NR;Aceh;Nagan Raya;NA;NA;Kabupaten;NA;Polygon
1109;Indonesia;Regency;IDN;IDN.1_1;IDN.1.20_1;ID.AC.PD;Aceh;Pidie;NA;NA;Kabupaten;NA;Polygon
1118;Indonesia;Regency;IDN;IDN.1_1;IDN.1.19_1;ID.AC.PJ;Aceh;Pidie Jaya;NA;NA;Kabupaten;NA;Polygon
1172;Indonesia;City;IDN;IDN.1_1;IDN.1.21_1;ID.AC.SA;Aceh;Sabang;NA;NA;Kota;NA;MultiPolygon
1101;Indonesia;Regency;IDN;IDN.1_1;IDN.1.22_1;ID.AC.SI;Aceh;Simeulue;NA;NA;Kabupaten;NA;MultiPolygon
1175;Indonesia;City;IDN;IDN.1_1;IDN.1.23_1;ID.AC.SU;Aceh;Subulussalam;NA;NA;Kota;NA;Polygon
5103;Indonesia;Regency;IDN;IDN.2_1;IDN.2.1_1;ID.BA.BD;Bali;Badung;NA;NA;Kabupaten;NA;MultiPolygon
5106;Indonesia;Regency;IDN;IDN.2_1;IDN.2.2_1;ID.BA.BN;Bali;Bangli;NA;NA;Kabupaten;NA;Polygon
5108;Indonesia;Regency;IDN;IDN.2_1;IDN.2.3_1;ID.BA.BL;Bali;Buleleng;NA;NA;Kabupaten;NA;MultiPolygon
5171;Indonesia;City;IDN;IDN.2_1;IDN.2.4_1;ID.BA.DE;Bali;Denpasar;NA;NA;Kota;NA;MultiPolygon
5104;Indonesia;Regency;IDN;IDN.2_1;IDN.2.5_1;ID.BA.GI;Bali;Gianyar;NA;NA;Kabupaten;NA;Polygon
5101;Indonesia;Regency;IDN;IDN.2_1;IDN.2.6_1;ID.BA.JE;Bali;Jembrana;NA;NA;Kabupaten;NA;Polygon
5107;Indonesia;Regency;IDN;IDN.2_1;IDN.2.7_1;ID.BA.KA;Bali;Karangasem;NA;NA;Kabupaten;NA;Polygon
5105;Indonesia;Regency;IDN;IDN.2_1;IDN.2.8_1;ID.BA.KL;Bali;Klungkung;NA;NA;Kabupaten;NA;MultiPolygon
5102;Indonesia;Regency;IDN;IDN.2_1;IDN.2.9_1;ID.BA.TA;Bali;Tabanan;NA;NA;Kabupaten;NA;Polygon
1901;Indonesia;Regency;IDN;IDN.3_1;IDN.3.4_1;ID.BB.BA;Bangka Belitung;Bangka;NA;NA;Kabupaten;NA;MultiPolygon
1903;Indonesia;Regency;IDN;IDN.3_1;IDN.3.1_1;ID.BB.BB;Bangka Belitung;Bangka Barat;NA;NA;Kabupaten;NA;MultiPolygon
1905;Indonesia;Regency;IDN;IDN.3_1;IDN.3.2_1;ID.BB.BS;Bangka Belitung;Bangka Selatan;NA;NA;Kabupaten;NA;MultiPolygon
1904;Indonesia;Regency;IDN;IDN.3_1;IDN.3.3_1;ID.BB.BG;Bangka Belitung;Bangka Tengah;NA;NA;Kabupaten;NA;MultiPolygon
1902;Indonesia;Regency;IDN;IDN.3_1;IDN.3.6_1;ID.BB.BE;Bangka Belitung;Belitung;NA;NA;Kabupaten;NA;MultiPolygon
1906;Indonesia;Regency;IDN;IDN.3_1;IDN.3.5_1;ID.BB.BT;Bangka Belitung;Belitung Timur;NA;NA;Kabupaten;NA;MultiPolygon
1971;Indonesia;City;IDN;IDN.3_1;IDN.3.7_1;ID.BB.PP;Bangka Belitung;Pangkalpinang;NA;NA;Kota;NA;Polygon
3672;Indonesia;City;IDN;IDN.4_1;IDN.4.1_1;ID.BT.CL;Banten;Cilegon;NA;NA;Kota;NA;MultiPolygon
3673;Indonesia;City;IDN;IDN.4_1;IDN.4.2_1;ID.BT.SK;Banten;Kota Serang;NA;NA;Kota;NA;MultiPolygon
3671;Indonesia;City;IDN;IDN.4_1;IDN.4.3_1;ID.BT.TM;Banten;Kota Tangerang;NA;NA;Kota;NA;Polygon
3602;Indonesia;Regency;IDN;IDN.4_1;IDN.4.4_1;ID.BT.LE;Banten;Lebak;NA;NA;Kabupaten;NA;MultiPolygon
3601;Indonesia;Regency;IDN;IDN.4_1;IDN.4.5_1;ID.BT.PA;Banten;Pandeglang;NA;NA;Kabupaten;NA;MultiPolygon
3604;Indonesia;Regency;IDN;IDN.4_1;IDN.4.6_1;ID.BT.SR;Banten;Serang;NA;NA;Kabupaten;NA;MultiPolygon
3603;Indonesia;Regency;IDN;IDN.4_1;IDN.4.8_1;ID.BT.TG;Banten;Tangerang;NA;NA;Kabupaten;NA;Polygon
3674;Indonesia;City;IDN;IDN.4_1;IDN.4.7_1;ID.BT.TS;Banten;Tangerang Selatan;NA;NA;Kota;NA;Polygon
1771;Indonesia;City;IDN;IDN.5_1;IDN.5.4_1;ID.BE.BE;Bengkulu;Bengkulu;NA;NA;Kota;NA;Polygon
1701;Indonesia;Regency;IDN;IDN.5_1;IDN.5.1_1;ID.BE.BS;Bengkulu;Bengkulu Selatan;NA;NA;Kabupaten;NA;Polygon
1709;Indonesia;Regency;IDN;IDN.5_1;IDN.5.2_1;ID.BE.BN;Bengkulu;Bengkulu Tengah;NA;NA;Kabupaten;NA;Polygon
1703;Indonesia;Regency;IDN;IDN.5_1;IDN.5.3_1;ID.BE.BT;Bengkulu;Bengkulu Utara;NA;NA;Kabupaten;NA;MultiPolygon
1704;Indonesia;Regency;IDN;IDN.5_1;IDN.5.5_1;ID.BE.KA;Bengkulu;Kaur;NA;NA;Kabupaten;NA;Polygon
1708;Indonesia;Regency;IDN;IDN.5_1;IDN.5.6_1;ID.BE.KE;Bengkulu;Kepahiang;NA;NA;Kabupaten;NA;Polygon
1707;Indonesia;Regency;IDN;IDN.5_1;IDN.5.7_1;ID.BE.LE;Bengkulu;Lebong;NA;NA;Kabupaten;NA;Polygon
1706;Indonesia;Regency;IDN;IDN.5_1;IDN.5.8_1;ID.BE.MU;Bengkulu;Mukomuko;NA;NA;Kabupaten;NA;Polygon
1702;Indonesia;Regency;IDN;IDN.5_1;IDN.5.9_1;ID.BE.RL;Bengkulu;Rejang Lebong;NA;NA;Kabupaten;NA;Polygon
1705;Indonesia;Regency;IDN;IDN.5_1;IDN.5.10_1;ID.BE.SE;Bengkulu;Seluma;NA;NA;Kabupaten;NA;Polygon
7501;Indonesia;Regency;IDN;IDN.6_1;IDN.6.1_1;ID.GO.BO;Gorontalo;Boalemo;NA;NA;Kabupaten;NA;MultiPolygon
7504;Indonesia;Regency;IDN;IDN.6_1;IDN.6.2_1;ID.GO.BB;Gorontalo;Bone Bolango;NA;NA;Kabupaten;NA;Polygon
7502;Indonesia;Regency;IDN;IDN.6_1;IDN.6.3_1;ID.GO.GO;Gorontalo;Danau Limboto;NA;NA;Kabupaten;NA;Polygon
7502;Indonesia;Regency;IDN;IDN.6_1;IDN.6.5_1;ID.GO.GO;Gorontalo;Gorontalo;NA;NA;Kabupaten;NA;MultiPolygon
7505;Indonesia;Regency;IDN;IDN.6_1;IDN.6.4_1;ID.GO.GU;Gorontalo;Gorontalo Utara;NA;NA;Kabupaten;NA;MultiPolygon
7571;Indonesia;City;IDN;IDN.6_1;IDN.6.6_1;ID.GO.GM;Gorontalo;Kota Gorontalo;NA;NA;Kota;NA;MultiPolygon
7503;Indonesia;Regency;IDN;IDN.6_1;IDN.6.7_1;ID.GO.PO;Gorontalo;Pohuwato;NA;NA;Kabupaten;NA;MultiPolygon
3174;Indonesia;City;IDN;IDN.7_1;IDN.7.1_1;ID.JK.JB;Jakarta Raya;Jakarta Barat;NA;NA;Kota;NA;Polygon
3173;Indonesia;City;IDN;IDN.7_1;IDN.7.2_1;ID.JK.JP;Jakarta Raya;Jakarta Pusat;NA;NA;Kota;NA;Polygon
3171;Indonesia;City;IDN;IDN.7_1;IDN.7.3_1;ID.JK.JS;Jakarta Raya;Jakarta Selatan;NA;NA;Kota;NA;Polygon
3172;Indonesia;City;IDN;IDN.7_1;IDN.7.4_1;ID.JK.JT;Jakarta Raya;Jakarta Timur;NA;NA;Kota;NA;Polygon
3175;Indonesia;City;IDN;IDN.7_1;IDN.7.5_1;ID.JK.JU;Jakarta Raya;Jakarta Utara;NA;NA;Kota;NA;Polygon
3101;Indonesia;Regency;IDN;IDN.7_1;IDN.7.6_1;ID.JK.KS;Jakarta Raya;Kepulauan Seribu;NA;NA;Kabupaten;NA;MultiPolygon
1504;Indonesia;Regency;IDN;IDN.8_1;IDN.8.1_1;ID.JA.BA;Jambi;Batang Hari;NA;NA;Kabupaten;NA;Polygon
1509;Indonesia;Regency;IDN;IDN.8_1;IDN.8.2_1;ID.JA.BT;Jambi;Bungo;NA;NA;Kabupaten;NA;Polygon
1571;Indonesia;City;IDN;IDN.8_1;IDN.8.3_1;ID.JA.JA;Jambi;Jambi;NA;NA;Kota;NA;Polygon
1501;Indonesia;Regency;IDN;IDN.8_1;IDN.8.4_1;ID.JA.KR;Jambi;Kerinci;NA;NA;Kabupaten;NA;Polygon
1502;Indonesia;Regency;IDN;IDN.8_1;IDN.8.5_1;ID.JA.SB;Jambi;Merangin;NA;NA;Kabupaten;NA;Polygon
1505;Indonesia;Regency;IDN;IDN.8_1;IDN.8.6_1;ID.JA.MJ;Jambi;Muaro Jambi;NA;NA;Kabupaten;NA;Polygon
1503;Indonesia;Regency;IDN;IDN.8_1;IDN.8.7_1;ID.JA.SA;Jambi;Sarolangun;NA;NA;Kabupaten;NA;Polygon
1572;Indonesia;City;IDN;IDN.8_1;IDN.8.8_1;ID.JA.SP;Jambi;Sungai Penuh;NA;NA;Kota;NA;Polygon
1507;Indonesia;Regency;IDN;IDN.8_1;IDN.8.9_1;ID.JA.TJ;Jambi;Tanjung Jabung B;NA;NA;Kabupaten;NA;Polygon
1506;Indonesia;Regency;IDN;IDN.8_1;IDN.8.10_1;ID.JA.TT;Jambi;Tanjung Jabung T;NA;NA;Kabupaten;NA;MultiPolygon
1508;Indonesia;Regency;IDN;IDN.8_1;IDN.8.11_1;ID.JA.TE;Jambi;Tebo;NA;NA;Kabupaten;NA;Polygon
3204;Indonesia;Regency;IDN;IDN.9_1;IDN.9.2_1;ID.JR.BU;Jawa Barat;Bandung;NA;NA;Kabupaten;NA;Polygon
3217;Indonesia;Regency;IDN;IDN.9_1;IDN.9.1_1;ID.JR.BB;Jawa Barat;Bandung Barat;NA;NA;Kabupaten;NA;Polygon
3279;Indonesia;City;IDN;IDN.9_1;IDN.9.3_1;ID.JR.BA;Jawa Barat;Banjar;NA;NA;Kota;NA;Polygon
3216;Indonesia;Regency;IDN;IDN.9_1;IDN.9.4_1;ID.JR.BS;Jawa Barat;Bekasi;NA;NA;Kabupaten;NA;Polygon
3201;Indonesia;Regency;IDN;IDN.9_1;IDN.9.5_1;ID.JR.BR;Jawa Barat;Bogor;NA;NA;Kabupaten;NA;Polygon
3207;Indonesia;Regency;IDN;IDN.9_1;IDN.9.6_1;ID.JR.CS;Jawa Barat;Ciamis;NA;NA;Kabupaten;NA;Polygon
3203;Indonesia;Regency;IDN;IDN.9_1;IDN.9.7_1;ID.JR.CJ;Jawa Barat;Cianjur;NA;NA;Kabupaten;NA;Polygon
3277;Indonesia;City;IDN;IDN.9_1;IDN.9.8_1;ID.JR.CI;Jawa Barat;Cimahi;NA;NA;Kota;NA;Polygon
3209;Indonesia;Regency;IDN;IDN.9_1;IDN.9.9_1;ID.JR.CR;Jawa Barat;Cirebon;NA;NA;Kabupaten;NA;MultiPolygon
3276;Indonesia;City;IDN;IDN.9_1;IDN.9.10_1;ID.JR.DE;Jawa Barat;Depok;NA;NA;Kota;NA;Polygon
3205;Indonesia;Regency;IDN;IDN.9_1;IDN.9.11_1;ID.JR.GA;Jawa Barat;Garut;NA;NA;Kabupaten;NA;Polygon
3212;Indonesia;Regency;IDN;IDN.9_1;IDN.9.12_1;ID.JR.IN;Jawa Barat;Indramayu;NA;NA;Kabupaten;NA;MultiPolygon
3215;Indonesia;Regency;IDN;IDN.9_1;IDN.9.13_1;ID.JR.KA;Jawa Barat;Karawang;NA;NA;Kabupaten;NA;Polygon
3273;Indonesia;City;IDN;IDN.9_1;IDN.9.14_1;ID.JR.BN;Jawa Barat;Kota Bandung;NA;NA;Kota;NA;MultiPolygon
3275;Indonesia;City;IDN;IDN.9_1;IDN.9.15_1;ID.JR.BK;Jawa Barat;Kota Bekasi;NA;NA;Kota;NA;Polygon
3271;Indonesia;City;IDN;IDN.9_1;IDN.9.16_1;ID.JR.BG;Jawa Barat;Kota Bogor;NA;NA;Kota;NA;Polygon
3274;Indonesia;City;IDN;IDN.9_1;IDN.9.17_1;ID.JR.CM;Jawa Barat;Kota Cirebon;NA;NA;Kota;NA;Polygon
3272;Indonesia;City;IDN;IDN.9_1;IDN.9.18_1;ID.JR.SM;Jawa Barat;Kota Sukabumi;NA;NA;Kota;NA;Polygon
3278;Indonesia;City;IDN;IDN.9_1;IDN.9.19_1;ID.JR.TM;Jawa Barat;Kota Tasikmalaya;NA;NA;Kota;NA;Polygon
3208;Indonesia;Regency;IDN;IDN.9_1;IDN.9.20_1;ID.JR.KU;Jawa Barat;Kuningan;NA;NA;Kabupaten;NA;Polygon
3210;Indonesia;Regency;IDN;IDN.9_1;IDN.9.21_1;ID.JR.MA;Jawa Barat;Majalengka;NA;NA;Kabupaten;NA;Polygon
3214;Indonesia;Regency;IDN;IDN.9_1;IDN.9.22_1;ID.JR.PU;Jawa Barat;Purwakarta;NA;NA;Kabupaten;NA;Polygon
3213;Indonesia;Regency;IDN;IDN.9_1;IDN.9.23_1;ID.JR.SB;Jawa Barat;Subang;NA;NA;Kabupaten;NA;MultiPolygon
3202;Indonesia;Regency;IDN;IDN.9_1;IDN.9.24_1;ID.JR.SR;Jawa Barat;Sukabumi;NA;NA;Kabupaten;NA;Polygon
3211;Indonesia;Regency;IDN;IDN.9_1;IDN.9.25_1;ID.JR.SD;Jawa Barat;Sumedang;NA;NA;Kabupaten;NA;Polygon
3206;Indonesia;Regency;IDN;IDN.9_1;IDN.9.26_1;ID.JR.TA;Jawa Barat;Tasikmalaya;NA;NA;Kabupaten;NA;MultiPolygon
3288;Indonesia;Water Body;IDN;IDN.9_1;IDN.9.27_1;NA;Jawa Barat;Waduk Cirata;NA;NA;Water Body;NA;Polygon
3304;Indonesia;Regency;IDN;IDN.10_1;IDN.10.1_1;ID.JT.BN;Jawa Tengah;Banjarnegara;NA;NA;Kabupaten;NA;Polygon
3302;Indonesia;Regency;IDN;IDN.10_1;IDN.10.2_1;ID.JT.BY;Jawa Tengah;Banyumas;NA;NA;Kabupaten;NA;MultiPolygon
3325;Indonesia;Regency;IDN;IDN.10_1;IDN.10.3_1;ID.JT.BT;Jawa Tengah;Batang;NA;NA;Kabupaten;NA;Polygon
3316;Indonesia;Regency;IDN;IDN.10_1;IDN.10.4_1;ID.JT.BL;Jawa Tengah;Blora;NA;NA;Kabupaten;NA;Polygon
3309;Indonesia;Regency;IDN;IDN.10_1;IDN.10.5_1;ID.JT.BO;Jawa Tengah;Boyolali;NA;NA;Kabupaten;NA;Polygon
3329;Indonesia;Regency;IDN;IDN.10_1;IDN.10.6_1;ID.JT.BR;Jawa Tengah;Brebes;NA;NA;Kabupaten;NA;Polygon
3301;Indonesia;Regency;IDN;IDN.10_1;IDN.10.7_1;ID.JT.CI;Jawa Tengah;Cilacap;NA;NA;Kabupaten;NA;MultiPolygon
3321;Indonesia;Regency;IDN;IDN.10_1;IDN.10.8_1;ID.JT.DE;Jawa Tengah;Demak;NA;NA;Kabupaten;NA;Polygon
3315;Indonesia;Regency;IDN;IDN.10_1;IDN.10.9_1;ID.JT.GR;Jawa Tengah;Grobogan;NA;NA;Kabupaten;NA;MultiPolygon
3320;Indonesia;Regency;IDN;IDN.10_1;IDN.10.10_1;ID.JT.JE;Jawa Tengah;Jepara;NA;NA;Kabupaten;NA;MultiPolygon
3313;Indonesia;Regency;IDN;IDN.10_1;IDN.10.11_1;ID.JT.KA;Jawa Tengah;Karanganyar;NA;NA;Kabupaten;NA;MultiPolygon
3305;Indonesia;Regency;IDN;IDN.10_1;IDN.10.12_1;ID.JT.KB;Jawa Tengah;Kebumen;NA;NA;Kabupaten;NA;Polygon
3324;Indonesia;Regency;IDN;IDN.10_1;IDN.10.13_1;ID.JT.KN;Jawa Tengah;Kendal;NA;NA;Kabupaten;NA;MultiPolygon
3310;Indonesia;Regency;IDN;IDN.10_1;IDN.10.14_1;ID.JT.KL;Jawa Tengah;Klaten;NA;NA;Kabupaten;NA;Polygon
3371;Indonesia;City;IDN;IDN.10_1;IDN.10.15_1;ID.JT.MM;Jawa Tengah;Kota Magelang;NA;NA;Kota;NA;Polygon
3375;Indonesia;City;IDN;IDN.10_1;IDN.10.16_1;ID.JT.PM;Jawa Tengah;Kota Pekalongan;NA;NA;Kota;NA;Polygon
3374;Indonesia;City;IDN;IDN.10_1;IDN.10.17_1;ID.JT.SM;Jawa Tengah;Kota Semarang;NA;NA;Kota;NA;MultiPolygon
3376;Indonesia;City;IDN;IDN.10_1;IDN.10.18_1;ID.JT.TM;Jawa Tengah;Kota Tegal;NA;NA;Kota;NA;Polygon
3319;Indonesia;Regency;IDN;IDN.10_1;IDN.10.19_1;ID.JT.KU;Jawa Tengah;Kudus;NA;NA;Kabupaten;NA;MultiPolygon
3308;Indonesia;Regency;IDN;IDN.10_1;IDN.10.20_1;ID.JT.MR;Jawa Tengah;Magelang;NA;NA;Kabupaten;NA;Polygon
3318;Indonesia;Regency;IDN;IDN.10_1;IDN.10.21_1;ID.JT.PA;Jawa Tengah;Pati;NA;NA;Kabupaten;NA;Polygon
3326;Indonesia;Regency;IDN;IDN.10_1;IDN.10.22_1;ID.JT.PR;Jawa Tengah;Pekalongan;NA;NA;Kabupaten;NA;Polygon
3327;Indonesia;Regency;IDN;IDN.10_1;IDN.10.23_1;ID.JT.PL;Jawa Tengah;Pemalang;NA;NA;Kabupaten;NA;Polygon
3303;Indonesia;Regency;IDN;IDN.10_1;IDN.10.24_1;ID.JT.PB;Jawa Tengah;Purbalingga;NA;NA;Kabupaten;NA;Polygon
3306;Indonesia;Regency;IDN;IDN.10_1;IDN.10.25_1;ID.JT.PW;Jawa Tengah;Purworejo;NA;NA;Kabupaten;NA;Polygon
3317;Indonesia;Regency;IDN;IDN.10_1;IDN.10.26_1;ID.JT.RE;Jawa Tengah;Rembang;NA;NA;Kabupaten;NA;MultiPolygon
3373;Indonesia;City;IDN;IDN.10_1;IDN.10.27_1;ID.JT.SA;Jawa Tengah;Salatiga;NA;NA;Kota;NA;Polygon
3322;Indonesia;Regency;IDN;IDN.10_1;IDN.10.28_1;ID.JT.SR;Jawa Tengah;Semarang;NA;NA;Kabupaten;NA;MultiPolygon
3314;Indonesia;Regency;IDN;IDN.10_1;IDN.10.29_1;ID.JT.SG;Jawa Tengah;Sragen;NA;NA;Kabupaten;NA;MultiPolygon
3311;Indonesia;Regency;IDN;IDN.10_1;IDN.10.30_1;ID.JT.SH;Jawa Tengah;Sukoharjo;NA;NA;Kabupaten;NA;Polygon
3372;Indonesia;City;IDN;IDN.10_1;IDN.10.31_1;ID.JT.SK;Jawa Tengah;Surakarta;NA;NA;Kota;NA;Polygon
3328;Indonesia;Regency;IDN;IDN.10_1;IDN.10.32_1;ID.JT.TR;Jawa Tengah;Tegal;NA;NA;Kabupaten;NA;Polygon
3323;Indonesia;Regency;IDN;IDN.10_1;IDN.10.33_1;ID.JT.TG;Jawa Tengah;Temanggung;NA;NA;Kabupaten;NA;Polygon
3388;Indonesia;Water Body;IDN;IDN.10_1;IDN.10.34_1;NA;Jawa Tengah;Waduk Kedungombo;NA;NA;Water Body;NA;MultiPolygon
3312;Indonesia;Regency;IDN;IDN.10_1;IDN.10.35_1;ID.JT.WG;Jawa Tengah;Wonogiri;NA;NA;Kabupaten;NA;Polygon
3307;Indonesia;Regency;IDN;IDN.10_1;IDN.10.36_1;ID.JT.WS;Jawa Tengah;Wonosobo;NA;NA;Kabupaten;NA;Polygon
3526;Indonesia;Regency;IDN;IDN.11_1;IDN.11.1_1;ID.JI.BK;Jawa Timur;Bangkalan;NA;NA;Kabupaten;NA;Polygon
3510;Indonesia;Regency;IDN;IDN.11_1;IDN.11.2_1;ID.JI.BW;Jawa Timur;Banyuwangi;NA;NA;Kabupaten;NA;MultiPolygon
3579;Indonesia;City;IDN;IDN.11_1;IDN.11.3_1;ID.JI.BA;Jawa Timur;Batu;NA;NA;Kota;NA;Polygon
3505;Indonesia;Regency;IDN;IDN.11_1;IDN.11.4_1;ID.JI.BR;Jawa Timur;Blitar;NA;NA;Kabupaten;NA;MultiPolygon
3522;Indonesia;Regency;IDN;IDN.11_1;IDN.11.5_1;ID.JI.BJ;Jawa Timur;Bojonegoro;NA;NA;Kabupaten;NA;Polygon
3511;Indonesia;Regency;IDN;IDN.11_1;IDN.11.6_1;ID.JI.BD;Jawa Timur;Bondowoso;NA;NA;Kabupaten;NA;Polygon
3525;Indonesia;Regency;IDN;IDN.11_1;IDN.11.7_1;ID.JI.GR;Jawa Timur;Gresik;NA;NA;Kabupaten;NA;MultiPolygon
3509;Indonesia;Regency;IDN;IDN.11_1;IDN.11.8_1;ID.JI.JE;Jawa Timur;Jember;NA;NA;Kabupaten;NA;MultiPolygon
3517;Indonesia;Regency;IDN;IDN.11_1;IDN.11.9_1;ID.JI.JO;Jawa Timur;Jombang;NA;NA;Kabupaten;NA;Polygon
3506;Indonesia;Regency;IDN;IDN.11_1;IDN.11.10_1;ID.JI.KR;Jawa Timur;Kediri;NA;NA;Kabupaten;NA;Polygon
3572;Indonesia;City;IDN;IDN.11_1;IDN.11.11_1;ID.JI.BM;Jawa Timur;Kota Blitar;NA;NA;Kota;NA;Polygon
3571;Indonesia;City;IDN;IDN.11_1;IDN.11.12_1;ID.JI.KM;Jawa Timur;Kota Kediri;NA;NA;Kota;NA;Polygon
3577;Indonesia;City;IDN;IDN.11_1;IDN.11.13_1;ID.JI.MD;Jawa Timur;Kota Madiun;NA;NA;Kota;NA;MultiPolygon
3573;Indonesia;City;IDN;IDN.11_1;IDN.11.14_1;ID.JI.ML;Jawa Timur;Kota Malang;NA;NA;Kota;NA;Polygon
3576;Indonesia;City;IDN;IDN.11_1;IDN.11.15_1;ID.JI.MJ;Jawa Timur;Kota Mojokerto;NA;NA;Kota;NA;Polygon
3575;Indonesia;City;IDN;IDN.11_1;IDN.11.16_1;ID.JI.PS;Jawa Timur;Kota Pasuruan;NA;NA;Kota;NA;Polygon
3574;Indonesia;City;IDN;IDN.11_1;IDN.11.17_1;ID.JI.PB;Jawa Timur;Kota Probolinggo;NA;NA;Kota;NA;MultiPolygon
3524;Indonesia;Regency;IDN;IDN.11_1;IDN.11.18_1;ID.JI.LA;Jawa Timur;Lamongan;NA;NA;Kabupaten;NA;MultiPolygon
3508;Indonesia;Regency;IDN;IDN.11_1;IDN.11.19_1;ID.JI.LU;Jawa Timur;Lumajang;NA;NA;Kabupaten;NA;MultiPolygon
3519;Indonesia;Regency;IDN;IDN.11_1;IDN.11.20_1;ID.JI.MN;Jawa Timur;Madiun;NA;NA;Kabupaten;NA;Polygon
3520;Indonesia;Regency;IDN;IDN.11_1;IDN.11.21_1;ID.JI.MT;Jawa Timur;Magetan;NA;NA;Kabupaten;NA;Polygon
3507;Indonesia;Regency;IDN;IDN.11_1;IDN.11.22_1;ID.JI.MG;Jawa Timur;Malang;NA;NA;Kabupaten;NA;MultiPolygon
3516;Indonesia;Regency;IDN;IDN.11_1;IDN.11.23_1;ID.JI.MK;Jawa Timur;Mojokerto;NA;NA;Kabupaten;NA;Polygon
3518;Indonesia;Regency;IDN;IDN.11_1;IDN.11.24_1;ID.JI.NJ;Jawa Timur;Nganjuk;NA;NA;Kabupaten;NA;Polygon
3521;Indonesia;Regency;IDN;IDN.11_1;IDN.11.25_1;ID.JI.NW;Jawa Timur;Ngawi;NA;NA;Kabupaten;NA;Polygon
3501;Indonesia;Regency;IDN;IDN.11_1;IDN.11.26_1;ID.JI.PC;Jawa Timur;Pacitan;NA;NA;Kabupaten;NA;MultiPolygon
3528;Indonesia;Regency;IDN;IDN.11_1;IDN.11.27_1;ID.JI.PK;Jawa Timur;Pamekasan;NA;NA;Kabupaten;NA;MultiPolygon
3514;Indonesia;Regency;IDN;IDN.11_1;IDN.11.28_1;ID.JI.PR;Jawa Timur;Pasuruan;NA;NA;Kabupaten;NA;Polygon
3502;Indonesia;Regency;IDN;IDN.11_1;IDN.11.29_1;ID.JI.PG;Jawa Timur;Ponorogo;NA;NA;Kabupaten;NA;Polygon
3513;Indonesia;Regency;IDN;IDN.11_1;IDN.11.30_1;ID.JI.PL;Jawa Timur;Probolinggo;NA;NA;Kabupaten;NA;MultiPolygon
3527;Indonesia;Regency;IDN;IDN.11_1;IDN.11.31_1;ID.JI.SA;Jawa Timur;Sampang;NA;NA;Kabupaten;NA;MultiPolygon
3515;Indonesia;Regency;IDN;IDN.11_1;IDN.11.32_1;ID.JI.SD;Jawa Timur;Sidoarjo;NA;NA;Kabupaten;NA;Polygon
3512;Indonesia;Regency;IDN;IDN.11_1;IDN.11.33_1;ID.JI.SB;Jawa Timur;Situbondo;NA;NA;Kabupaten;NA;Polygon
3529;Indonesia;Regency;IDN;IDN.11_1;IDN.11.34_1;ID.JI.SM;Jawa Timur;Sumenep;NA;NA;Kabupaten;NA;MultiPolygon
3578;Indonesia;City;IDN;IDN.11_1;IDN.11.35_1;ID.JI.SR;Jawa Timur;Surabaya;NA;NA;Kota;NA;MultiPolygon
3503;Indonesia;Regency;IDN;IDN.11_1;IDN.11.36_1;ID.JI.TR;Jawa Timur;Trenggalek;NA;NA;Kabupaten;NA;MultiPolygon
3523;Indonesia;Regency;IDN;IDN.11_1;IDN.11.37_1;ID.JI.TB;Jawa Timur;Tuban;NA;NA;Kabupaten;NA;MultiPolygon
3504;Indonesia;Regency;IDN;IDN.11_1;IDN.11.38_1;ID.JI.TG;Jawa Timur;Tulungagung;NA;NA;Kabupaten;NA;MultiPolygon
6102;Indonesia;Regency;IDN;IDN.12_1;IDN.12.1_1;ID.KB.BE;Kalimantan Barat;Bengkayang;NA;NA;Kabupaten;NA;MultiPolygon
6108;Indonesia;Regency;IDN;IDN.12_1;IDN.12.2_1;ID.KB.KH;Kalimantan Barat;Kapuas Hulu;NA;NA;Kabupaten;NA;Polygon
6111;Indonesia;Regency;IDN;IDN.12_1;IDN.12.3_1;ID.KB.KU;Kalimantan Barat;Kayong Utara;NA;NA;Kabupaten;NA;MultiPolygon
6106;Indonesia;Regency;IDN;IDN.12_1;IDN.12.4_1;ID.KB.KP;Kalimantan Barat;Ketapang;NA;NA;Kabupaten;NA;MultiPolygon
6171;Indonesia;City;IDN;IDN.12_1;IDN.12.5_1;ID.KB.PN;Kalimantan Barat;Kota Pontianak;NA;NA;Kota;NA;MultiPolygon
6112;Indonesia;Regency;IDN;IDN.12_1;IDN.12.6_1;ID.KB.KR;Kalimantan Barat;Kubu Raya;NA;NA;Kabupaten;NA;MultiPolygon
6103;Indonesia;Regency;IDN;IDN.12_1;IDN.12.7_1;ID.KB.LA;Kalimantan Barat;Landak;NA;NA;Kabupaten;NA;Polygon
6110;Indonesia;Regency;IDN;IDN.12_1;IDN.12.8_1;ID.KB.ME;Kalimantan Barat;Melawi;NA;NA;Kabupaten;NA;Polygon
6104;Indonesia;Regency;IDN;IDN.12_1;IDN.12.9_1;ID.KB.PR;Kalimantan Barat;Pontianak;NA;NA;Kabupaten;NA;MultiPolygon
6101;Indonesia;Regency;IDN;IDN.12_1;IDN.12.10_1;ID.KB.SM;Kalimantan Barat;Sambas;NA;NA;Kabupaten;NA;Polygon
6105;Indonesia;Regency;IDN;IDN.12_1;IDN.12.11_1;ID.KB.SN;Kalimantan Barat;Sanggau;NA;NA;Kabupaten;NA;Polygon
6109;Indonesia;Regency;IDN;IDN.12_1;IDN.12.12_1;ID.KB.SE;Kalimantan Barat;Sekadau;NA;NA;Kabupaten;NA;Polygon
6172;Indonesia;City;IDN;IDN.12_1;IDN.12.13_1;ID.KB.SK;Kalimantan Barat;Singkawang;NA;NA;Kota;NA;Polygon
6107;Indonesia;Regency;IDN;IDN.12_1;IDN.12.14_1;ID.KB.SI;Kalimantan Barat;Sintang;NA;NA;Kabupaten;NA;Polygon
6311;Indonesia;Regency;IDN;IDN.13_1;IDN.13.1_1;ID.KS.BA;Kalimantan Selatan;Balangan;NA;NA;Kabupaten;NA;Polygon
6303;Indonesia;Regency;IDN;IDN.13_1;IDN.13.3_1;ID.KS.BN;Kalimantan Selatan;Banjar;NA;NA;Kabupaten;NA;MultiPolygon
6372;Indonesia;City;IDN;IDN.13_1;IDN.13.2_1;ID.KS.BB;Kalimantan Selatan;Banjar Baru;NA;NA;Kota;NA;Polygon
6371;Indonesia;City;IDN;IDN.13_1;IDN.13.4_1;ID.KS.BM;Kalimantan Selatan;Banjarmasin;NA;NA;Kota;NA;Polygon
6304;Indonesia;Regency;IDN;IDN.13_1;IDN.13.5_1;ID.KS.BK;Kalimantan Selatan;Barito Kuala;NA;NA;Kabupaten;NA;Polygon
6306;Indonesia;Regency;IDN;IDN.13_1;IDN.13.6_1;ID.KS.HS;Kalimantan Selatan;Hulu Sungai Selatan;NA;NA;Kabupaten;NA;Polygon
6307;Indonesia;Regency;IDN;IDN.13_1;IDN.13.7_1;ID.KS.HT;Kalimantan Selatan;Hulu Sungai Tengah;NA;NA;Kabupaten;NA;Polygon
6308;Indonesia;Regency;IDN;IDN.13_1;IDN.13.8_1;ID.KS.HU;Kalimantan Selatan;Hulu Sungai Utara;NA;NA;Kabupaten;NA;Polygon
6302;Indonesia;Regency;IDN;IDN.13_1;IDN.13.9_1;ID.KS.KB;Kalimantan Selatan;Kota Baru;NA;NA;Kabupaten;NA;MultiPolygon
6309;Indonesia;Regency;IDN;IDN.13_1;IDN.13.10_1;ID.KS.TB;Kalimantan Selatan;Tabalong;NA;NA;Kabupaten;NA;Polygon
6310;Indonesia;Regency;IDN;IDN.13_1;IDN.13.11_1;ID.KS.TN;Kalimantan Selatan;Tanah Bumbu;NA;NA;Kabupaten;NA;MultiPolygon
6301;Indonesia;Regency;IDN;IDN.13_1;IDN.13.12_1;ID.KS.TL;Kalimantan Selatan;Tanah Laut;NA;NA;Kabupaten;NA;Polygon
6305;Indonesia;Regency;IDN;IDN.13_1;IDN.13.13_1;ID.KS.TP;Kalimantan Selatan;Tapin;NA;NA;Kabupaten;NA;Polygon
6204;Indonesia;Regency;IDN;IDN.14_1;IDN.14.1_1;ID.KT.BS;Kalimantan Tengah;Barito Selatan;NA;NA;Kabupaten;NA;Polygon
6212;Indonesia;Regency;IDN;IDN.14_1;IDN.14.2_1;ID.KT.BT;Kalimantan Tengah;Barito Timur;NA;NA;Kabupaten;NA;Polygon
6205;Indonesia;Regency;IDN;IDN.14_1;IDN.14.3_1;ID.KT.BU;Kalimantan Tengah;Barito Utara;NA;NA;Kabupaten;NA;Polygon
6211;Indonesia;Regency;IDN;IDN.14_1;IDN.14.4_1;ID.KT.GM;Kalimantan Tengah;Gunung Mas;NA;NA;Kabupaten;NA;Polygon
6203;Indonesia;Regency;IDN;IDN.14_1;IDN.14.5_1;ID.KT.KA;Kalimantan Tengah;Kapuas;NA;NA;Kabupaten;NA;Polygon
6209;Indonesia;Regency;IDN;IDN.14_1;IDN.14.6_1;ID.KT.KG;Kalimantan Tengah;Katingan;NA;NA;Kabupaten;NA;MultiPolygon
6201;Indonesia;Regency;IDN;IDN.14_1;IDN.14.7_1;ID.KT.KB;Kalimantan Tengah;Kotawaringin Barat;NA;NA;Kabupaten;NA;Polygon
6202;Indonesia;Regency;IDN;IDN.14_1;IDN.14.8_1;ID.KT.KT;Kalimantan Tengah;Kotawaringin Timur;NA;NA;Kabupaten;NA;Polygon
6207;Indonesia;Regency;IDN;IDN.14_1;IDN.14.9_1;ID.KT.LA;Kalimantan Tengah;Lamandau;NA;NA;Kabupaten;NA;Polygon
6213;Indonesia;Regency;IDN;IDN.14_1;IDN.14.10_1;ID.KT.MR;Kalimantan Tengah;Murung Raya;NA;NA;Kabupaten;NA;Polygon
6271;Indonesia;City;IDN;IDN.14_1;IDN.14.11_1;ID.KT.PR;Kalimantan Tengah;Palangka Raya;NA;NA;Kota;NA;Polygon
6210;Indonesia;Regency;IDN;IDN.14_1;IDN.14.12_1;ID.KT.PP;Kalimantan Tengah;Pulang Pisau;NA;NA;Kabupaten;NA;Polygon
6208;Indonesia;Regency;IDN;IDN.14_1;IDN.14.13_1;ID.KT.SE;Kalimantan Tengah;Seruyan;NA;NA;Kabupaten;NA;Polygon
6206;Indonesia;Regency;IDN;IDN.14_1;IDN.14.14_1;ID.KT.SU;Kalimantan Tengah;Sukamara;NA;NA;Kabupaten;NA;Polygon
6471;Indonesia;City;IDN;IDN.34_1;IDN.34.1_1;ID.KM.BA;Kalimantan Timur;Balikpapan;NA;NA;Kota;NA;Polygon
6405;Indonesia;Regency;IDN;IDN.34_1;IDN.34.2_1;ID.KM.BE;Kalimantan Timur;Berau;NA;NA;Kabupaten;NA;MultiPolygon
6474;Indonesia;City;IDN;IDN.34_1;IDN.34.3_1;ID.KM.BO;Kalimantan Timur;Bontang;NA;NA;Kota;NA;MultiPolygon
6402;Indonesia;Regency;IDN;IDN.34_1;IDN.34.5_1;ID.KM.KB;Kalimantan Timur;Kutai Barat;NA;NA;Kabupaten;NA;Polygon
6403;Indonesia;Regency;IDN;IDN.34_1;IDN.34.6_1;ID.KM.KU;Kalimantan Timur;Kutai Kartanegara;NA;NA;Kabupaten;NA;MultiPolygon
6404;Indonesia;Regency;IDN;IDN.34_1;IDN.34.7_1;ID.KM.KT;Kalimantan Timur;Kutai Timur;NA;NA;Kabupaten;NA;MultiPolygon
6401;Indonesia;Regency;IDN;IDN.34_1;IDN.34.10_1;ID.KM.PA;Kalimantan Timur;Paser;NA;NA;Kabupaten;NA;MultiPolygon
6409;Indonesia;Regency;IDN;IDN.34_1;IDN.34.11_1;ID.KM.PP;Kalimantan Timur;Penajam Paser Utara;NA;NA;Kabupaten;NA;Polygon
6472;Indonesia;City;IDN;IDN.34_1;IDN.34.12_1;ID.KM.SA;Kalimantan Timur;Samarinda;NA;NA;Kota;NA;Polygon
NA;Indonesia;NA;IDN;IDN.35_1;IDN.35.4;NA;Kalimantan Utara;Bulungan;NA;NA;NA;NA;MultiPolygon
NA;Indonesia;NA;IDN;IDN.35_1;IDN.35.8;NA;Kalimantan Utara;Malinau;NA;NA;NA;NA;Polygon
NA;Indonesia;NA;IDN;IDN.35_1;IDN.35.9;NA;Kalimantan Utara;Nunukan;NA;NA;NA;NA;MultiPolygon
NA;Indonesia;NA;IDN;IDN.35_1;IDN.35.13;NA;Kalimantan Utara;Tana Tidung;NA;NA;NA;NA;MultiPolygon
NA;Indonesia;NA;IDN;IDN.35_1;IDN.35.14;NA;Kalimantan Utara;Tarakan;NA;NA;NA;NA;MultiPolygon
2171;Indonesia;City;IDN;IDN.16_1;IDN.16.1_1;ID.KR.BA;Kepulauan Riau;Batam;NA;NA;Kota;NA;MultiPolygon
2102;Indonesia;Regency;IDN;IDN.16_1;IDN.16.2_1;ID.KR.KR;Kepulauan Riau;Bintan;NA;NA;Kabupaten;NA;MultiPolygon
2101;Indonesia;Regency;IDN;IDN.16_1;IDN.16.3_1;ID.KR.KA;Kepulauan Riau;Karimun;NA;NA;Kabupaten;NA;MultiPolygon
2105;Indonesia;Regency;IDN;IDN.16_1;IDN.16.4_1;ID.KR.KM;Kepulauan Riau;Kepulauan Anambas;NA;NA;Kabupaten;NA;MultiPolygon
2104;Indonesia;Regency;IDN;IDN.16_1;IDN.16.5_1;ID.KR.LI;Kepulauan Riau;Lingga;NA;NA;Kabupaten;NA;MultiPolygon
2103;Indonesia;Regency;IDN;IDN.16_1;IDN.16.6_1;ID.KR.NT;Kepulauan Riau;Natuna;NA;NA;Kabupaten;NA;MultiPolygon
2172;Indonesia;City;IDN;IDN.16_1;IDN.16.7_1;ID.KR.TP;Kepulauan Riau;Tanjungpinang;NA;NA;Kota;NA;MultiPolygon
1871;Indonesia;City;IDN;IDN.17_1;IDN.17.1_1;ID.LA.BL;Lampung;Bandar Lampung;NA;NA;Kota;NA;MultiPolygon
1801;Indonesia;Regency;IDN;IDN.17_1;IDN.17.2_1;ID.LA.LB;Lampung;Lampung Barat;NA;NA;Kabupaten;NA;MultiPolygon
1803;Indonesia;Regency;IDN;IDN.17_1;IDN.17.3_1;ID.LA.LP;Lampung;Lampung Selatan;NA;NA;Kabupaten;NA;MultiPolygon
1805;Indonesia;Regency;IDN;IDN.17_1;IDN.17.4_1;ID.LA.LT;Lampung;Lampung Tengah;NA;NA;Kabupaten;NA;Polygon
1804;Indonesia;Regency;IDN;IDN.17_1;IDN.17.5_1;ID.LA.LI;Lampung;Lampung Timur;NA;NA;Kabupaten;NA;MultiPolygon
1806;Indonesia;Regency;IDN;IDN.17_1;IDN.17.6_1;ID.LA.LU;Lampung;Lampung Utara;NA;NA;Kabupaten;NA;Polygon
1811;Indonesia;Regency;IDN;IDN.17_1;IDN.17.7_1;ID.LA.MJ;Lampung;Mesuji;NA;NA;Kabupaten;NA;Polygon
1872;Indonesia;City;IDN;IDN.17_1;IDN.17.8_1;ID.LA.ME;Lampung;Metro;NA;NA;Kota;NA;Polygon
1809;Indonesia;Regency;IDN;IDN.17_1;IDN.17.9_1;ID.LA.PA;Lampung;Pesawaran;NA;NA;Kabupaten;NA;MultiPolygon
1810;Indonesia;Regency;IDN;IDN.17_1;IDN.17.10_1;ID.LA.PG;Lampung;Pringsewu;NA;NA;Kabupaten;NA;Polygon
1802;Indonesia;Regency;IDN;IDN.17_1;IDN.17.11_1;ID.LA.TG;Lampung;Tanggamus;NA;NA;Kabupaten;NA;MultiPolygon
1812;Indonesia;Regency;IDN;IDN.17_1;IDN.17.12_1;ID.LA.TR;Lampung;Tulang Bawang Barat;NA;NA;Kabupaten;NA;Polygon
1808;Indonesia;Regency;IDN;IDN.17_1;IDN.17.13_1;ID.LA.TL;Lampung;Tulangbawang;NA;NA;Kabupaten;NA;Polygon
1807;Indonesia;Regency;IDN;IDN.17_1;IDN.17.14_1;ID.LA.WK;Lampung;Way Kanan;NA;NA;Kabupaten;NA;MultiPolygon
8171;Indonesia;City;IDN;IDN.19_1;IDN.19.1_1;ID.MA.AM;Maluku;Ambon;NA;NA;Kota;NA;MultiPolygon
8104;Indonesia;Regency;IDN;IDN.19_1;IDN.19.3_1;ID.MA.BR;Maluku;Buru;NA;NA;Kabupaten;NA;Polygon
8109;Indonesia;Regency;IDN;IDN.19_1;IDN.19.2_1;ID.MA.BS;Maluku;Buru Selatan;NA;NA;Kabupaten;NA;MultiPolygon
8105;Indonesia;Regency;IDN;IDN.19_1;IDN.19.4_1;ID.MA.KA;Maluku;Kepulauan Aru;NA;NA;Kabupaten;NA;MultiPolygon
8108;Indonesia;Regency;IDN;IDN.19_1;IDN.19.5_1;ID.MA.MD;Maluku;Maluku Barat Daya;NA;NA;Kabupaten;NA;MultiPolygon
8103;Indonesia;Regency;IDN;IDN.19_1;IDN.19.6_1;ID.MA.MT;Maluku;Maluku Tengah;NA;NA;Kabupaten;NA;MultiPolygon
8102;Indonesia;Regency;IDN;IDN.19_1;IDN.19.8_1;ID.MA.MN;Maluku;Maluku Tenggara;NA;NA;Kabupaten;NA;MultiPolygon
8101;Indonesia;Regency;IDN;IDN.19_1;IDN.19.7_1;ID.MA.MB;Maluku;Maluku Tenggara Barat;NA;NA;Kabupaten;NA;MultiPolygon
8106;Indonesia;Regency;IDN;IDN.19_1;IDN.19.9_1;ID.MA.SB;Maluku;Seram Bagian Barat;NA;NA;Kabupaten;NA;MultiPolygon
8107;Indonesia;Regency;IDN;IDN.19_1;IDN.19.10_1;ID.MA.ST;Maluku;Seram Bagian Timur;NA;NA;Kabupaten;NA;MultiPolygon
8172;Indonesia;City;IDN;IDN.19_1;IDN.19.11_1;ID.MA.TU;Maluku;Tual;NA;NA;Kota;NA;MultiPolygon
8201;Indonesia;Regency;IDN;IDN.18_1;IDN.18.1_1;ID.MU.HB;Maluku Utara;Halmahera Barat;NA;NA;Kabupaten;NA;MultiPolygon
8204;Indonesia;Regency;IDN;IDN.18_1;IDN.18.2_1;ID.MU.HS;Maluku Utara;Halmahera Selatan;NA;NA;Kabupaten;NA;MultiPolygon
8202;Indonesia;Regency;IDN;IDN.18_1;IDN.18.3_1;ID.MU.HT;Maluku Utara;Halmahera Tengah;NA;NA;Kabupaten;NA;MultiPolygon
8206;Indonesia;Regency;IDN;IDN.18_1;IDN.18.4_1;ID.MU.HI;Maluku Utara;Halmahera Timur;NA;NA;Kabupaten;NA;MultiPolygon
8205;Indonesia;Regency;IDN;IDN.18_1;IDN.18.5_1;ID.MU.HR;Maluku Utara;Halmahera Utara;NA;NA;Kabupaten;NA;MultiPolygon
8203;Indonesia;Regency;IDN;IDN.18_1;IDN.18.6_1;ID.MU.KS;Maluku Utara;Kepulauan Sula;NA;NA;Kabupaten;NA;MultiPolygon
8207;Indonesia;Regency;IDN;IDN.18_1;IDN.18.7_1;ID.MU.PM;Maluku Utara;Pulau Morotai;NA;NA;Kabupaten;NA;MultiPolygon
8271;Indonesia;City;IDN;IDN.18_1;IDN.18.8_1;ID.MU.TE;Maluku Utara;Ternate;NA;NA;Kota;NA;MultiPolygon
8272;Indonesia;City;IDN;IDN.18_1;IDN.18.9_1;ID.MU.TK;Maluku Utara;Tidore Kepulauan;NA;NA;Kota;NA;MultiPolygon
5206;Indonesia;Regency;IDN;IDN.20_1;IDN.20.1_1;ID.NB.BI;Nusa Tenggara Barat;Bima;NA;NA;Kabupaten;NA;MultiPolygon
5205;Indonesia;Regency;IDN;IDN.20_1;IDN.20.2_1;ID.NB.DO;Nusa Tenggara Barat;Dompu;NA;NA;Kabupaten;NA;MultiPolygon
5272;Indonesia;City;IDN;IDN.20_1;IDN.20.3_1;ID.NB.BM;Nusa Tenggara Barat;Kota Bima;NA;NA;Kota;NA;Polygon
5201;Indonesia;Regency;IDN;IDN.20_1;IDN.20.4_1;ID.NB.LR;Nusa Tenggara Barat;Lombok Barat;NA;NA;Kabupaten;NA;MultiPolygon
5202;Indonesia;Regency;IDN;IDN.20_1;IDN.20.5_1;ID.NB.LT;Nusa Tenggara Barat;Lombok Tengah;NA;NA;Kabupaten;NA;MultiPolygon
5203;Indonesia;Regency;IDN;IDN.20_1;IDN.20.6_1;ID.NB.LI;Nusa Tenggara Barat;Lombok Timur;NA;NA;Kabupaten;NA;MultiPolygon
5208;Indonesia;Regency;IDN;IDN.20_1;IDN.20.7_1;ID.NB.LU;Nusa Tenggara Barat;Lombok Utara;NA;NA;Kabupaten;NA;MultiPolygon
5271;Indonesia;City;IDN;IDN.20_1;IDN.20.8_1;ID.NB.MA;Nusa Tenggara Barat;Mataram;NA;NA;Kota;NA;Polygon
5204;Indonesia;Regency;IDN;IDN.20_1;IDN.20.10_1;ID.NB.SU;Nusa Tenggara Barat;Sumbawa;NA;NA;Kabupaten;NA;MultiPolygon
5207;Indonesia;Regency;IDN;IDN.20_1;IDN.20.9_1;ID.NB.SB;Nusa Tenggara Barat;Sumbawa Barat;NA;NA;Kabupaten;NA;MultiPolygon
5307;Indonesia;Regency;IDN;IDN.21_1;IDN.21.1_1;ID.NT.AL;Nusa Tenggara Timur;Alor;NA;NA;Kabupaten;NA;MultiPolygon
5306;Indonesia;Regency;IDN;IDN.21_1;IDN.21.2_1;ID.NT.BE;Nusa Tenggara Timur;Belu;NA;NA;Kabupaten;NA;MultiPolygon
5311;Indonesia;Regency;IDN;IDN.21_1;IDN.21.3_1;ID.NT.EN;Nusa Tenggara Timur;Ende;NA;NA;Kabupaten;NA;MultiPolygon
5309;Indonesia;Regency;IDN;IDN.21_1;IDN.21.4_1;ID.NT.FT;Nusa Tenggara Timur;Flores Timur;NA;NA;Kabupaten;NA;MultiPolygon
5371;Indonesia;City;IDN;IDN.21_1;IDN.21.5_1;ID.NT.KM;Nusa Tenggara Timur;Kota Kupang;NA;NA;Kota;NA;Polygon
5303;Indonesia;Regency;IDN;IDN.21_1;IDN.21.6_1;ID.NT.KP;Nusa Tenggara Timur;Kupang;NA;NA;Kabupaten;NA;MultiPolygon
5308;Indonesia;Regency;IDN;IDN.21_1;IDN.21.7_1;ID.NT.LE;Nusa Tenggara Timur;Lembata;NA;NA;Kabupaten;NA;Polygon
5313;Indonesia;Regency;IDN;IDN.21_1;IDN.21.10_1;ID.NT.MG;Nusa Tenggara Timur;Manggarai;NA;NA;Kabupaten;NA;MultiPolygon
5315;Indonesia;Regency;IDN;IDN.21_1;IDN.21.8_1;ID.NT.MB;Nusa Tenggara Timur;Manggarai Barat;NA;NA;Kabupaten;NA;MultiPolygon
5319;Indonesia;Regency;IDN;IDN.21_1;IDN.21.9_1;ID.NT.MT;Nusa Tenggara Timur;Manggarai Timur;NA;NA;Kabupaten;NA;Polygon
5318;Indonesia;Regency;IDN;IDN.21_1;IDN.21.11_1;ID.NT.NK;Nusa Tenggara Timur;Nagekeo;NA;NA;Kabupaten;NA;Polygon
5312;Indonesia;Regency;IDN;IDN.21_1;IDN.21.12_1;ID.NT.ND;Nusa Tenggara Timur;Ngada;NA;NA;Kabupaten;NA;MultiPolygon
5314;Indonesia;Regency;IDN;IDN.21_1;IDN.21.13_1;ID.NT.RN;Nusa Tenggara Timur;Rote Ndao;NA;NA;Kabupaten;NA;MultiPolygon
5320;Indonesia;Regency;IDN;IDN.21_1;IDN.21.14_1;ID.NT.SJ;Nusa Tenggara Timur;Sabu Raijua;NA;NA;Kabupaten;NA;MultiPolygon
5310;Indonesia;Regency;IDN;IDN.21_1;IDN.21.15_1;ID.NT.SI;Nusa Tenggara Timur;Sikka;NA;NA;Kabupaten;NA;MultiPolygon
5301;Indonesia;Regency;IDN;IDN.21_1;IDN.21.17_1;ID.NT.SR;Nusa Tenggara Timur;Sumba Barat;NA;NA;Kabupaten;NA;Polygon
5317;Indonesia;Regency;IDN;IDN.21_1;IDN.21.16_1;ID.NT.SD;Nusa Tenggara Timur;Sumba Barat Daya;NA;NA;Kabupaten;NA;Polygon
5316;Indonesia;Regency;IDN;IDN.21_1;IDN.21.18_1;ID.NT.SG;Nusa Tenggara Timur;Sumba Tengah;NA;NA;Kabupaten;NA;Polygon
5302;Indonesia;Regency;IDN;IDN.21_1;IDN.21.19_1;ID.NT.ST;Nusa Tenggara Timur;Sumba Timur;NA;NA;Kabupaten;NA;MultiPolygon
5304;Indonesia;Regency;IDN;IDN.21_1;IDN.21.20_1;ID.NT.TS;Nusa Tenggara Timur;Timor Tengah Selatan;NA;NA;Kabupaten;NA;Polygon
5305;Indonesia;Regency;IDN;IDN.21_1;IDN.21.21_1;ID.NT.TU;Nusa Tenggara Timur;Timor Tengah Utara;NA;NA;Kabupaten;NA;Polygon
9415;Indonesia;Regency;IDN;IDN.23_1;IDN.23.1_1;ID.PA.AS;Papua;Asmat;NA;NA;Kabupaten;NA;MultiPolygon
9409;Indonesia;Regency;IDN;IDN.23_1;IDN.23.2_1;ID.PA.BN;Papua;Biak Numfor;NA;NA;Kabupaten;NA;MultiPolygon
9413;Indonesia;Regency;IDN;IDN.23_1;IDN.23.3_1;ID.PA.BD;Papua;Boven Digoel;NA;NA;Kabupaten;NA;Polygon
9436;Indonesia;Regency;IDN;IDN.23_1;IDN.23.4_1;ID.PA.DE;Papua;Deiyai;NA;NA;Kabupaten;NA;Polygon
9434;Indonesia;Regency;IDN;IDN.23_1;IDN.23.5_1;ID.PA.DG;Papua;Dogiyai;NA;NA;Kabupaten;NA;Polygon
9435;Indonesia;Regency;IDN;IDN.23_1;IDN.23.6_1;ID.PA.IJ;Papua;Intan Jaya;NA;NA;Kabupaten;NA;Polygon
9403;Indonesia;Regency;IDN;IDN.23_1;IDN.23.7_1;ID.PA.JR;Papua;Jayapura;NA;NA;Kabupaten;NA;MultiPolygon
9402;Indonesia;Regency;IDN;IDN.23_1;IDN.23.8_1;ID.PA.JW;Papua;Jayawijaya;NA;NA;Kabupaten;NA;Polygon
9420;Indonesia;Regency;IDN;IDN.23_1;IDN.23.9_1;ID.PA.KE;Papua;Keerom;NA;NA;Kabupaten;NA;Polygon
9408;Indonesia;Regency;IDN;IDN.23_1;IDN.23.10_1;ID.PA.YW;Papua;Kepulauan Yapen;NA;NA;Kabupaten;NA;MultiPolygon
9471;Indonesia;City;IDN;IDN.23_1;IDN.23.11_1;ID.PA.JM;Papua;Kota Jayapura;NA;NA;Kota;NA;MultiPolygon
9430;Indonesia;Regency;IDN;IDN.23_1;IDN.23.12_1;ID.PA.LJ;Papua;Lanny Jaya;NA;NA;Kabupaten;NA;Polygon
9428;Indonesia;Regency;IDN;IDN.23_1;IDN.23.13_1;ID.PA.MR;Papua;Mamberamo Raya;NA;NA;Kabupaten;NA;MultiPolygon
9431;Indonesia;Regency;IDN;IDN.23_1;IDN.23.14_1;ID.PA.MT;Papua;Mamberamo Tengah;NA;NA;Kabupaten;NA;Polygon
9414;Indonesia;Regency;IDN;IDN.23_1;IDN.23.15_1;ID.PA.MP;Papua;Mappi;NA;NA;Kabupaten;NA;MultiPolygon
9401;Indonesia;Regency;IDN;IDN.23_1;IDN.23.16_1;ID.PA.ME;Papua;Merauke;NA;NA;Kabupaten;NA;MultiPolygon
9412;Indonesia;Regency;IDN;IDN.23_1;IDN.23.17_1;ID.PA.MI;Papua;Mimika;NA;NA;Kabupaten;NA;MultiPolygon
9404;Indonesia;Regency;IDN;IDN.23_1;IDN.23.18_1;ID.PA.NB;Papua;Nabire;NA;NA;Kabupaten;NA;MultiPolygon
9429;Indonesia;Regency;IDN;IDN.23_1;IDN.23.19_1;ID.PA.ND;Papua;Nduga;NA;NA;Kabupaten;NA;Polygon
9410;Indonesia;Regency;IDN;IDN.23_1;IDN.23.20_1;ID.PA.PN;Papua;Paniai;NA;NA;Kabupaten;NA;Polygon
9417;Indonesia;Regency;IDN;IDN.23_1;IDN.23.21_1;ID.PA.PB;Papua;Pegunungan Bintang;NA;NA;Kabupaten;NA;Polygon
9433;Indonesia;Regency;IDN;IDN.23_1;IDN.23.23_1;ID.PA.PU;Papua;Puncak;NA;NA;Kabupaten;NA;Polygon
9411;Indonesia;Regency;IDN;IDN.23_1;IDN.23.22_1;ID.PA.PC;Papua;Puncak Jaya;NA;NA;Kabupaten;NA;Polygon
9419;Indonesia;Regency;IDN;IDN.23_1;IDN.23.24_1;ID.PA.SR;Papua;Sarmi;NA;NA;Kabupaten;NA;MultiPolygon
9427;Indonesia;Regency;IDN;IDN.23_1;IDN.23.25_1;ID.PA.SU;Papua;Supiori;NA;NA;Kabupaten;NA;MultiPolygon
9418;Indonesia;Regency;IDN;IDN.23_1;IDN.23.26_1;ID.PA.TO;Papua;Tolikara;NA;NA;Kabupaten;NA;Polygon
9426;Indonesia;Regency;IDN;IDN.23_1;IDN.23.27_1;ID.PA.WR;Papua;Waropen;NA;NA;Kabupaten;NA;MultiPolygon
9416;Indonesia;Regency;IDN;IDN.23_1;IDN.23.28_1;ID.PA.YA;Papua;Yahukimo;NA;NA;Kabupaten;NA;Polygon
9432;Indonesia;Regency;IDN;IDN.23_1;IDN.23.29_1;ID.PA.YL;Papua;Yalimo;NA;NA;Kabupaten;NA;Polygon
9101;Indonesia;Regency;IDN;IDN.22_1;IDN.22.1_1;ID.IB.FA;Papua Barat;Fakfak;NA;NA;Kabupaten;NA;MultiPolygon
9102;Indonesia;Regency;IDN;IDN.22_1;IDN.22.2_1;ID.IB.KA;Papua Barat;Kaimana;NA;NA;Kabupaten;NA;MultiPolygon
9171;Indonesia;City;IDN;IDN.22_1;IDN.22.3_1;ID.IB.SG;Papua Barat;Kota Sorong;NA;NA;Kota;NA;MultiPolygon
9105;Indonesia;Regency;IDN;IDN.22_1;IDN.22.4_1;ID.IB.MA;Papua Barat;Manokwari;NA;NA;Kabupaten;NA;MultiPolygon
9110;Indonesia;Regency;IDN;IDN.22_1;IDN.22.5_1;ID.IB.MB;Papua Barat;Maybrat;NA;NA;Kabupaten;NA;Polygon
9108;Indonesia;Regency;IDN;IDN.22_1;IDN.22.6_1;ID.IB.RA;Papua Barat;Raja Ampat;NA;NA;Kabupaten;NA;MultiPolygon
9107;Indonesia;Regency;IDN;IDN.22_1;IDN.22.8_1;ID.IB.SR;Papua Barat;Sorong;NA;NA;Kabupaten;NA;MultiPolygon
9106;Indonesia;Regency;IDN;IDN.22_1;IDN.22.7_1;ID.IB.SL;Papua Barat;Sorong Selatan;NA;NA;Kabupaten;NA;Polygon
9109;Indonesia;Regency;IDN;IDN.22_1;IDN.22.9_1;ID.IB.TM;Papua Barat;Tambrauw;NA;NA;Kabupaten;NA;Polygon
9104;Indonesia;Regency;IDN;IDN.22_1;IDN.22.10_1;ID.IB.TK;Papua Barat;Teluk Bintuni;NA;NA;Kabupaten;NA;MultiPolygon
9103;Indonesia;Regency;IDN;IDN.22_1;IDN.22.11_1;ID.IB.TW;Papua Barat;Teluk Wondama;NA;NA;Kabupaten;NA;MultiPolygon
1408;Indonesia;Regency;IDN;IDN.24_1;IDN.24.1_1;ID.RI.BK;Riau;Bengkalis;NA;NA;Kabupaten;NA;MultiPolygon
1473;Indonesia;City;IDN;IDN.24_1;IDN.24.2_1;ID.RI.DU;Riau;Dumai;NA;NA;Kota;NA;Polygon
1403;Indonesia;Regency;IDN;IDN.24_1;IDN.24.3_1;ID.RI.II;Riau;Indragiri Hilir;NA;NA;Kabupaten;NA;MultiPolygon
1402;Indonesia;Regency;IDN;IDN.24_1;IDN.24.4_1;ID.RI.IU;Riau;Indragiri Hulu;NA;NA;Kabupaten;NA;Polygon
1406;Indonesia;Regency;IDN;IDN.24_1;IDN.24.5_1;ID.RI.KA;Riau;Kampar;NA;NA;Kabupaten;NA;MultiPolygon
1410;Indonesia;Regency;IDN;IDN.24_1;IDN.24.6_1;ID.RI.KM;Riau;Kepulauan Meranti;NA;NA;Kabupaten;NA;MultiPolygon
1401;Indonesia;Regency;IDN;IDN.24_1;IDN.24.7_1;ID.RI.KS;Riau;Kuantan Singingi;NA;NA;Kabupaten;NA;Polygon
1471;Indonesia;City;IDN;IDN.24_1;IDN.24.8_1;ID.RI.PB;Riau;Pekanbaru;NA;NA;Kota;NA;Polygon
1404;Indonesia;Regency;IDN;IDN.24_1;IDN.24.9_1;ID.RI.PE;Riau;Pelalawan;NA;NA;Kabupaten;NA;MultiPolygon
1409;Indonesia;Regency;IDN;IDN.24_1;IDN.24.10_1;ID.RI.RI;Riau;Rokan Hilir;NA;NA;Kabupaten;NA;MultiPolygon
1407;Indonesia;Regency;IDN;IDN.24_1;IDN.24.11_1;ID.RI.RH;Riau;Rokan Hulu;NA;NA;Kabupaten;NA;MultiPolygon
1405;Indonesia;Regency;IDN;IDN.24_1;IDN.24.12_1;ID.RI.SI;Riau;Siak;NA;NA;Kabupaten;NA;Polygon
7601;Indonesia;Regency;IDN;IDN.25_1;IDN.25.1_1;ID.SR.MJ;Sulawesi Barat;Majene;NA;NA;Kabupaten;NA;Polygon
7603;Indonesia;Regency;IDN;IDN.25_1;IDN.25.2_1;ID.SR.MA;Sulawesi Barat;Mamasa;NA;NA;Kabupaten;NA;Polygon
7604;Indonesia;Regency;IDN;IDN.25_1;IDN.25.4_1;ID.SR.MM;Sulawesi Barat;Mamuju;NA;NA;Kabupaten;NA;MultiPolygon
7605;Indonesia;Regency;IDN;IDN.25_1;IDN.25.3_1;ID.SR.MU;Sulawesi Barat;Mamuju Utara;NA;NA;Kabupaten;NA;Polygon
7602;Indonesia;Regency;IDN;IDN.25_1;IDN.25.5_1;ID.SR.PM;Sulawesi Barat;Polewali Mandar;NA;NA;Kabupaten;NA;MultiPolygon
7303;Indonesia;Regency;IDN;IDN.26_1;IDN.26.1_1;ID.SE.BT;Sulawesi Selatan;Bantaeng;NA;NA;Kabupaten;NA;Polygon
7310;Indonesia;Regency;IDN;IDN.26_1;IDN.26.2_1;ID.SE.BR;Sulawesi Selatan;Barru;NA;NA;Kabupaten;NA;MultiPolygon
7311;Indonesia;Regency;IDN;IDN.26_1;IDN.26.3_1;ID.SE.BO;Sulawesi Selatan;Bone;NA;NA;Kabupaten;NA;MultiPolygon
7302;Indonesia;Regency;IDN;IDN.26_1;IDN.26.4_1;ID.SE.BU;Sulawesi Selatan;Bulukumba;NA;NA;Kabupaten;NA;MultiPolygon
7316;Indonesia;Regency;IDN;IDN.26_1;IDN.26.5_1;ID.SE.EN;Sulawesi Selatan;Enrekang;NA;NA;Kabupaten;NA;Polygon
7306;Indonesia;Regency;IDN;IDN.26_1;IDN.26.6_1;ID.SE.GO;Sulawesi Selatan;Gowa;NA;NA;Kabupaten;NA;MultiPolygon
7304;Indonesia;Regency;IDN;IDN.26_1;IDN.26.7_1;ID.SE.JE;Sulawesi Selatan;Jeneponto;NA;NA;Kabupaten;NA;MultiPolygon
7301;Indonesia;Regency;IDN;IDN.26_1;IDN.26.8_1;ID.SE.SE;Sulawesi Selatan;Kepulauan Selayar;NA;NA;Kabupaten;NA;MultiPolygon
7317;Indonesia;Regency;IDN;IDN.26_1;IDN.26.11_1;ID.SE.LW;Sulawesi Selatan;Luwu;NA;NA;Kabupaten;NA;MultiPolygon
7325;Indonesia;Regency;IDN;IDN.26_1;IDN.26.9_1;ID.SE.LT;Sulawesi Selatan;Luwu Timur;NA;NA;Kabupaten;NA;MultiPolygon
7322;Indonesia;Regency;IDN;IDN.26_1;IDN.26.10_1;ID.SE.LU;Sulawesi Selatan;Luwu Utara;NA;NA;Kabupaten;NA;Polygon
7371;Indonesia;City;IDN;IDN.26_1;IDN.26.12_1;ID.SE.UP;Sulawesi Selatan;Makassar;NA;NA;Kota;NA;MultiPolygon
7308;Indonesia;Regency;IDN;IDN.26_1;IDN.26.13_1;ID.SE.MR;Sulawesi Selatan;Maros;NA;NA;Kabupaten;NA;Polygon
7373;Indonesia;City;IDN;IDN.26_1;IDN.26.14_1;ID.SE.PA;Sulawesi Selatan;Palopo;NA;NA;Kota;NA;MultiPolygon
7309;Indonesia;Regency;IDN;IDN.26_1;IDN.26.15_1;ID.SE.PK;Sulawesi Selatan;Pangkajene Dan Kepulauan;NA;NA;Kabupaten;NA;MultiPolygon
7372;Indonesia;City;IDN;IDN.26_1;IDN.26.16_1;ID.SE.PP;Sulawesi Selatan;Parepare;NA;NA;Kota;NA;MultiPolygon
7315;Indonesia;Regency;IDN;IDN.26_1;IDN.26.17_1;ID.SE.PI;Sulawesi Selatan;Pinrang;NA;NA;Kabupaten;NA;MultiPolygon
7314;Indonesia;Regency;IDN;IDN.26_1;IDN.26.18_1;ID.SE.SR;Sulawesi Selatan;Sidenreng Rappang;NA;NA;Kabupaten;NA;Polygon
7307;Indonesia;Regency;IDN;IDN.26_1;IDN.26.19_1;ID.SE.SI;Sulawesi Selatan;Sinjai;NA;NA;Kabupaten;NA;MultiPolygon
7312;Indonesia;Regency;IDN;IDN.26_1;IDN.26.20_1;ID.SE.SO;Sulawesi Selatan;Soppeng;NA;NA;Kabupaten;NA;Polygon
7305;Indonesia;Regency;IDN;IDN.26_1;IDN.26.21_1;ID.SE.TA;Sulawesi Selatan;Takalar;NA;NA;Kabupaten;NA;MultiPolygon
7318;Indonesia;Regency;IDN;IDN.26_1;IDN.26.22_1;ID.SE.TN;Sulawesi Selatan;Tana Toraja;NA;NA;Kabupaten;NA;Polygon
7326;Indonesia;Regency;IDN;IDN.26_1;IDN.26.23_1;ID.SE.TU;Sulawesi Selatan;Toraja Utara;NA;NA;Kabupaten;NA;Polygon
7313;Indonesia;Regency;IDN;IDN.26_1;IDN.26.24_1;ID.SE.WA;Sulawesi Selatan;Wajo;NA;NA;Kabupaten;NA;Polygon
7202;Indonesia;Regency;IDN;IDN.27_1;IDN.27.2_1;ID.ST.BA;Sulawesi Tengah;Banggai;NA;NA;Kabupaten;NA;MultiPolygon
7201;Indonesia;Regency;IDN;IDN.27_1;IDN.27.1_1;ID.ST.BK;Sulawesi Tengah;Banggai Kepulauan;NA;NA;Kabupaten;NA;MultiPolygon
7207;Indonesia;Regency;IDN;IDN.27_1;IDN.27.3_1;ID.ST.BT;Sulawesi Tengah;Buol;NA;NA;Kabupaten;NA;MultiPolygon
7205;Indonesia;Regency;IDN;IDN.27_1;IDN.27.4_1;ID.ST.DG;Sulawesi Tengah;Donggala;NA;NA;Kabupaten;NA;MultiPolygon
7203;Indonesia;Regency;IDN;IDN.27_1;IDN.27.5_1;ID.ST.MO;Sulawesi Tengah;Morowali;NA;NA;Kabupaten;NA;MultiPolygon
7271;Indonesia;City;IDN;IDN.27_1;IDN.27.6_1;ID.ST.PA;Sulawesi Tengah;Palu;NA;NA;Kota;NA;Polygon
7208;Indonesia;Regency;IDN;IDN.27_1;IDN.27.7_1;ID.ST.PM;Sulawesi Tengah;Parigi Moutong;NA;NA;Kabupaten;NA;Polygon
7204;Indonesia;Regency;IDN;IDN.27_1;IDN.27.8_1;ID.ST.PO;Sulawesi Tengah;Poso;NA;NA;Kabupaten;NA;MultiPolygon
7210;Indonesia;Regency;IDN;IDN.27_1;IDN.27.9_1;ID.ST.SG;Sulawesi Tengah;Sigi;NA;NA;Kabupaten;NA;Polygon
7209;Indonesia;Regency;IDN;IDN.27_1;IDN.27.10_1;ID.ST.TU;Sulawesi Tengah;Tojo Una-Una;NA;NA;Kabupaten;NA;MultiPolygon
7206;Indonesia;Regency;IDN;IDN.27_1;IDN.27.11_1;ID.ST.TT;Sulawesi Tengah;Toli-Toli;NA;NA;Kabupaten;NA;MultiPolygon
7472;Indonesia;City;IDN;IDN.28_1;IDN.28.1_1;ID.SG.BA;Sulawesi Tenggara;Bau-Bau;NA;NA;Kota;NA;MultiPolygon
7406;Indonesia;Regency;IDN;IDN.28_1;IDN.28.2_1;ID.SG.BO;Sulawesi Tenggara;Bombana;NA;NA;Kabupaten;NA;MultiPolygon
7401;Indonesia;Regency;IDN;IDN.28_1;IDN.28.4_1;ID.SG.BN;Sulawesi Tenggara;Buton;NA;NA;Kabupaten;NA;MultiPolygon
7409;Indonesia;Regency;IDN;IDN.28_1;IDN.28.3_1;ID.SG.BT;Sulawesi Tenggara;Buton Utara;NA;NA;Kabupaten;NA;MultiPolygon
7471;Indonesia;City;IDN;IDN.28_1;IDN.28.5_1;ID.SG.KM;Sulawesi Tenggara;Kendari;NA;NA;Kota;NA;MultiPolygon
7404;Indonesia;Regency;IDN;IDN.28_1;IDN.28.7_1;ID.SG.KO;Sulawesi Tenggara;Kolaka;NA;NA;Kabupaten;NA;MultiPolygon
7408;Indonesia;Regency;IDN;IDN.28_1;IDN.28.6_1;ID.SG.KU;Sulawesi Tenggara;Kolaka Utara;NA;NA;Kabupaten;NA;MultiPolygon
7403;Indonesia;Regency;IDN;IDN.28_1;IDN.28.10_1;ID.SG.KN;Sulawesi Tenggara;Konawe;NA;NA;Kabupaten;NA;MultiPolygon
7405;Indonesia;Regency;IDN;IDN.28_1;IDN.28.8_1;ID.SG.KS;Sulawesi Tenggara;Konawe Selatan;NA;NA;Kabupaten;NA;MultiPolygon
7410;Indonesia;Regency;IDN;IDN.28_1;IDN.28.9_1;ID.SG.KW;Sulawesi Tenggara;Konawe Utara;NA;NA;Kabupaten;NA;MultiPolygon
7402;Indonesia;Regency;IDN;IDN.28_1;IDN.28.11_1;ID.SG.MU;Sulawesi Tenggara;Muna;NA;NA;Kabupaten;NA;MultiPolygon
7407;Indonesia;Regency;IDN;IDN.28_1;IDN.28.12_1;ID.SG.WA;Sulawesi Tenggara;Wakatobi;NA;NA;Kabupaten;NA;MultiPolygon
7172;Indonesia;City;IDN;IDN.29_1;IDN.29.1_1;ID.SW.BI;Sulawesi Utara;Bitung;NA;NA;Kota;NA;MultiPolygon
7101;Indonesia;Regency;IDN;IDN.29_1;IDN.29.5_1;ID.SW.BO;Sulawesi Utara;Bolaang Mongondow;NA;NA;Kabupaten;NA;MultiPolygon
7110;Indonesia;Regency;IDN;IDN.29_1;IDN.29.2_1;ID.SW.BS;Sulawesi Utara;Bolaang Mongondow Selatan;NA;NA;Kabupaten;NA;MultiPolygon
7111;Indonesia;Regency;IDN;IDN.29_1;IDN.29.3_1;ID.SW.BT;Sulawesi Utara;Bolaang Mongondow Timur;NA;NA;Kabupaten;NA;MultiPolygon
7107;Indonesia;Regency;IDN;IDN.29_1;IDN.29.4_1;ID.SW.BU;Sulawesi Utara;Bolaang Mongondow Utara;NA;NA;Kabupaten;NA;MultiPolygon
7103;Indonesia;Regency;IDN;IDN.29_1;IDN.29.6_1;ID.SW.SG;Sulawesi Utara;Kepulauan Sangihe;NA;NA;Kabupaten;NA;MultiPolygon
7104;Indonesia;Regency;IDN;IDN.29_1;IDN.29.7_1;ID.SW.KS;Sulawesi Utara;Kepulauan Talaud;NA;NA;Kabupaten;NA;MultiPolygon
7174;Indonesia;City;IDN;IDN.29_1;IDN.29.8_1;ID.SW.KM;Sulawesi Utara;Kotamobagu;NA;NA;Kota;NA;Polygon
7171;Indonesia;City;IDN;IDN.29_1;IDN.29.9_1;ID.SW.MA;Sulawesi Utara;Manado;NA;NA;Kota;NA;MultiPolygon
7102;Indonesia;Regency;IDN;IDN.29_1;IDN.29.13_1;ID.SW.MI;Sulawesi Utara;Minahasa;NA;NA;Kabupaten;NA;Polygon
7105;Indonesia;Regency;IDN;IDN.29_1;IDN.29.10_1;ID.SW.ML;Sulawesi Utara;Minahasa Selatan;NA;NA;Kabupaten;NA;MultiPolygon
7109;Indonesia;Regency;IDN;IDN.29_1;IDN.29.11_1;ID.SW.MT;Sulawesi Utara;Minahasa Tenggara;NA;NA;Kabupaten;NA;MultiPolygon
7106;Indonesia;Regency;IDN;IDN.29_1;IDN.29.12_1;ID.SW.MU;Sulawesi Utara;Minahasa Utara;NA;NA;Kabupaten;NA;MultiPolygon
7108;Indonesia;Regency;IDN;IDN.29_1;IDN.29.14_1;ID.SW.SB;Sulawesi Utara;Siau Tagulandang Biaro;NA;NA;Kabupaten;NA;MultiPolygon
7173;Indonesia;City;IDN;IDN.29_1;IDN.29.15_1;ID.SW.TO;Sulawesi Utara;Tomohon;NA;NA;Kota;NA;Polygon
1307;Indonesia;Regency;IDN;IDN.30_1;IDN.30.1_1;ID.SB.AG;Sumatera Barat;Agam;NA;NA;Kabupaten;NA;MultiPolygon
1375;Indonesia;City;IDN;IDN.30_1;IDN.30.2_1;ID.SB.BU;Sumatera Barat;Bukittinggi;NA;NA;Kota;NA;Polygon
1388;Indonesia;Water Body;IDN;IDN.30_1;IDN.30.3_1;NA;Sumatera Barat;Danau;NA;NA;Water Body;NA;Polygon
1311;Indonesia;Regency;IDN;IDN.30_1;IDN.30.4_1;ID.SB.DH;Sumatera Barat;Dharmasraya;NA;NA;Kabupaten;NA;Polygon
1301;Indonesia;Regency;IDN;IDN.30_1;IDN.30.5_1;ID.SB.KM;Sumatera Barat;Kepulauan Mentawai;NA;NA;Kabupaten;NA;MultiPolygon
1372;Indonesia;City;IDN;IDN.30_1;IDN.30.6_1;ID.SB.SM;Sumatera Barat;Kota Solok;NA;NA;Kota;NA;Polygon
1308;Indonesia;Regency;IDN;IDN.30_1;IDN.30.7_1;ID.SB.LP;Sumatera Barat;Lima Puluh Kota;NA;NA;Kabupaten;NA;Polygon
1371;Indonesia;City;IDN;IDN.30_1;IDN.30.10_1;ID.SB.PD;Sumatera Barat;Padang;NA;NA;Kota;NA;MultiPolygon
1374;Indonesia;City;IDN;IDN.30_1;IDN.30.8_1;ID.SB.PJ;Sumatera Barat;Padang Panjang;NA;NA;Kota;NA;Polygon
1306;Indonesia;Regency;IDN;IDN.30_1;IDN.30.9_1;ID.SB.PP;Sumatera Barat;Padang Pariaman;NA;NA;Kabupaten;NA;Polygon
1377;Indonesia;City;IDN;IDN.30_1;IDN.30.11_1;ID.SB.PA;Sumatera Barat;Pariaman;NA;NA;Kota;NA;MultiPolygon
1309;Indonesia;Regency;IDN;IDN.30_1;IDN.30.13_1;ID.SB.PM;Sumatera Barat;Pasaman;NA;NA;Kabupaten;NA;Polygon
1312;Indonesia;Regency;IDN;IDN.30_1;IDN.30.12_1;ID.SB.PB;Sumatera Barat;Pasaman Barat;NA;NA;Kabupaten;NA;MultiPolygon
1376;Indonesia;City;IDN;IDN.30_1;IDN.30.14_1;ID.SB.PY;Sumatera Barat;Payakumbuh;NA;NA;Kota;NA;Polygon
1302;Indonesia;Regency;IDN;IDN.30_1;IDN.30.15_1;ID.SB.PS;Sumatera Barat;Pesisir Selatan;NA;NA;Kabupaten;NA;MultiPolygon
1373;Indonesia;City;IDN;IDN.30_1;IDN.30.16_1;ID.SB.SL;Sumatera Barat;Sawahlunto;NA;NA;Kota;NA;Polygon
1304;Indonesia;Regency;IDN;IDN.30_1;IDN.30.17_1;ID.SB.SS;Sumatera Barat;Sijunjung;NA;NA;Kabupaten;NA;Polygon
1303;Indonesia;Regency;IDN;IDN.30_1;IDN.30.19_1;ID.SB.SR;Sumatera Barat;Solok;NA;NA;Kabupaten;NA;Polygon
1310;Indonesia;Regency;IDN;IDN.30_1;IDN.30.18_1;ID.SB.SK;Sumatera Barat;Solok Selatan;NA;NA;Kabupaten;NA;Polygon
1305;Indonesia;Regency;IDN;IDN.30_1;IDN.30.20_1;ID.SB.TD;Sumatera Barat;Tanah Datar;NA;NA;Kabupaten;NA;Polygon
1607;Indonesia;Regency;IDN;IDN.31_1;IDN.31.1_1;ID.SL.BA;Sumatera Selatan;Banyu Asin;NA;NA;Kabupaten;NA;MultiPolygon
1611;Indonesia;Regency;IDN;IDN.31_1;IDN.31.2_1;ID.SL.EL;Sumatera Selatan;Empat Lawang;NA;NA;Kabupaten;NA;Polygon
1604;Indonesia;Regency;IDN;IDN.31_1;IDN.31.3_1;ID.SL.LT;Sumatera Selatan;Lahat;NA;NA;Kabupaten;NA;MultiPolygon
1674;Indonesia;City;IDN;IDN.31_1;IDN.31.4_1;ID.SL.LL;Sumatera Selatan;Lubuklinggau;NA;NA;Kota;NA;Polygon
1603;Indonesia;Regency;IDN;IDN.31_1;IDN.31.5_1;ID.SL.ME;Sumatera Selatan;Muara Enim;NA;NA;Kabupaten;NA;MultiPolygon
1606;Indonesia;Regency;IDN;IDN.31_1;IDN.31.6_1;ID.SL.MB;Sumatera Selatan;Musi Banyuasin;NA;NA;Kabupaten;NA;Polygon
1605;Indonesia;Regency;IDN;IDN.31_1;IDN.31.7_1;ID.SL.MR;Sumatera Selatan;Musi Rawas;NA;NA;Kabupaten;NA;Polygon
1610;Indonesia;Regency;IDN;IDN.31_1;IDN.31.8_1;ID.SL.OI;Sumatera Selatan;Ogan Ilir;NA;NA;Kabupaten;NA;Polygon
1602;Indonesia;Regency;IDN;IDN.31_1;IDN.31.9_1;ID.SL.OH;Sumatera Selatan;Ogan Komering Ilir;NA;NA;Kabupaten;NA;MultiPolygon
1601;Indonesia;Regency;IDN;IDN.31_1;IDN.31.12_1;ID.SL.OU;Sumatera Selatan;Ogan Komering Ulu;NA;NA;Kabupaten;NA;Polygon
1608;Indonesia;Regency;IDN;IDN.31_1;IDN.31.10_1;ID.SL.OS;Sumatera Selatan;Ogan Komering Ulu Selatan;NA;NA;Kabupaten;NA;Polygon
1609;Indonesia;Regency;IDN;IDN.31_1;IDN.31.11_1;ID.SL.OT;Sumatera Selatan;Ogan Komering Ulu Timur;NA;NA;Kabupaten;NA;Polygon
1673;Indonesia;City;IDN;IDN.31_1;IDN.31.13_1;ID.SL.PG;Sumatera Selatan;Pagar Alam;NA;NA;Kota;NA;Polygon
1671;Indonesia;City;IDN;IDN.31_1;IDN.31.14_1;ID.SL.PA;Sumatera Selatan;Palembang;NA;NA;Kota;NA;Polygon
1672;Indonesia;City;IDN;IDN.31_1;IDN.31.15_1;ID.SL.PR;Sumatera Selatan;Prabumulih;NA;NA;Kota;NA;Polygon
1208;Indonesia;Regency;IDN;IDN.32_1;IDN.32.1_1;ID.SU.AN;Sumatera Utara;Asahan;NA;NA;Kabupaten;NA;Polygon
1219;Indonesia;Regency;IDN;IDN.32_1;IDN.32.2_1;ID.SU.BB;Sumatera Utara;Batu Bara;NA;NA;Kabupaten;NA;Polygon
1210;Indonesia;Regency;IDN;IDN.32_1;IDN.32.3_1;ID.SU.DA;Sumatera Utara;Dairi;NA;NA;Kabupaten;NA;MultiPolygon
1212;Indonesia;Regency;IDN;IDN.32_1;IDN.32.4_1;ID.SU.DS;Sumatera Utara;Deli Serdang;NA;NA;Kabupaten;NA;Polygon
1278;Indonesia;City;IDN;IDN.32_1;IDN.32.5_1;ID.SU.GS;Sumatera Utara;Gunungsitoli;NA;NA;Kota;NA;MultiPolygon
1215;Indonesia;Regency;IDN;IDN.32_1;IDN.32.6_1;ID.SU.HH;Sumatera Utara;Humbang Hasundutan;NA;NA;Kabupaten;NA;MultiPolygon
1211;Indonesia;Regency;IDN;IDN.32_1;IDN.32.7_1;ID.SU.KA;Sumatera Utara;Karo;NA;NA;Kabupaten;NA;Polygon
1276;Indonesia;City;IDN;IDN.32_1;IDN.32.8_1;ID.SU.BI;Sumatera Utara;Kota Binjai;NA;NA;Kota;NA;Polygon
1275;Indonesia;City;IDN;IDN.32_1;IDN.32.9_1;ID.SU.ME;Sumatera Utara;Kota Medan;NA;NA;Kota;NA;Polygon
1272;Indonesia;City;IDN;IDN.32_1;IDN.32.10_1;ID.SU.TB;Sumatera Utara;Kota Tanjungbalai;NA;NA;Kota;NA;Polygon
1207;Indonesia;Regency;IDN;IDN.32_1;IDN.32.13_1;ID.SU.LH;Sumatera Utara;Labuhanbatu;NA;NA;Kabupaten;NA;MultiPolygon
1222;Indonesia;Regency;IDN;IDN.32_1;IDN.32.11_1;ID.SU.LS;Sumatera Utara;Labuhanbatu Selatan;NA;NA;Kabupaten;NA;MultiPolygon
1223;Indonesia;Regency;IDN;IDN.32_1;IDN.32.12_1;ID.SU.LU;Sumatera Utara;Labuhanbatu Utara;NA;NA;Kabupaten;NA;Polygon
NA;Indonesia;Water Body;IDN;IDN.32_1;IDN.32.14_1;NA;Sumatera Utara;Lake Toba;NA;NA;Water Body;NA;Polygon
1213;Indonesia;Regency;IDN;IDN.32_1;IDN.32.15_1;ID.SU.LA;Sumatera Utara;Langkat;NA;NA;Kabupaten;NA;MultiPolygon
1202;Indonesia;Regency;IDN;IDN.32_1;IDN.32.16_1;ID.SU.MN;Sumatera Utara;Mandailing Natal;NA;NA;Kabupaten;NA;MultiPolygon
1201;Indonesia;Regency;IDN;IDN.32_1;IDN.32.20_1;ID.SU.NA;Sumatera Utara;Nias;NA;NA;Kabupaten;NA;MultiPolygon
1225;Indonesia;Regency;IDN;IDN.32_1;IDN.32.17_1;ID.SU.NB;Sumatera Utara;Nias Barat;NA;NA;Kabupaten;NA;MultiPolygon
1214;Indonesia;Regency;IDN;IDN.32_1;IDN.32.18_1;ID.SU.NS;Sumatera Utara;Nias Selatan;NA;NA;Kabupaten;NA;MultiPolygon
1224;Indonesia;Regency;IDN;IDN.32_1;IDN.32.19_1;ID.SU.NU;Sumatera Utara;Nias Utara;NA;NA;Kabupaten;NA;MultiPolygon
1221;Indonesia;Regency;IDN;IDN.32_1;IDN.32.22_1;ID.SU.PL;Sumatera Utara;Padang Lawas;NA;NA;Kabupaten;NA;Polygon
1220;Indonesia;Regency;IDN;IDN.32_1;IDN.32.21_1;ID.SU.PU;Sumatera Utara;Padang Lawas Utara;NA;NA;Kabupaten;NA;Polygon
1277;Indonesia;City;IDN;IDN.32_1;IDN.32.23_1;ID.SU.PD;Sumatera Utara;Padangsidimpuan;NA;NA;Kota;NA;Polygon
1216;Indonesia;Regency;IDN;IDN.32_1;IDN.32.24_1;ID.SU.PB;Sumatera Utara;Pakpak Barat;NA;NA;Kabupaten;NA;Polygon
1273;Indonesia;City;IDN;IDN.32_1;IDN.32.25_1;ID.SU.PS;Sumatera Utara;Pematangsiantar;NA;NA;Kota;NA;Polygon
1217;Indonesia;Regency;IDN;IDN.32_1;IDN.32.26_1;ID.SU.SA;Sumatera Utara;Samosir;NA;NA;Kabupaten;NA;MultiPolygon
1218;Indonesia;Regency;IDN;IDN.32_1;IDN.32.27_1;ID.SU.SD;Sumatera Utara;Serdang Bedagai;NA;NA;Kabupaten;NA;Polygon
1271;Indonesia;City;IDN;IDN.32_1;IDN.32.28_1;ID.SU.SB;Sumatera Utara;Sibolga;NA;NA;Kota;NA;MultiPolygon
1209;Indonesia;Regency;IDN;IDN.32_1;IDN.32.29_1;ID.SU.SM;Sumatera Utara;Simalungun;NA;NA;Kabupaten;NA;MultiPolygon
1203;Indonesia;Regency;IDN;IDN.32_1;IDN.32.30_1;ID.SU.TP;Sumatera Utara;Tapanuli Selatan;NA;NA;Kabupaten;NA;MultiPolygon
1204;Indonesia;Regency;IDN;IDN.32_1;IDN.32.31_1;ID.SU.TT;Sumatera Utara;Tapanuli Tengah;NA;NA;Kabupaten;NA;MultiPolygon
1205;Indonesia;Regency;IDN;IDN.32_1;IDN.32.32_1;ID.SU.TU;Sumatera Utara;Tapanuli Utara;NA;NA;Kabupaten;NA;MultiPolygon
1274;Indonesia;City;IDN;IDN.32_1;IDN.32.33_1;ID.SU.TG;Sumatera Utara;Tebingtinggi;NA;NA;Kota;NA;Polygon
1206;Indonesia;Regency;IDN;IDN.32_1;IDN.32.34_1;ID.SU.TR;Sumatera Utara;Toba Samosir;NA;NA;Kabupaten;NA;MultiPolygon
3402;Indonesia;Regency;IDN;IDN.33_1;IDN.33.1_1;ID.YO.BA;Yogyakarta;Bantul;NA;NA;Kabupaten;NA;Polygon
3403;Indonesia;Regency;IDN;IDN.33_1;IDN.33.2_1;ID.YO.GK;Yogyakarta;Gunung Kidul;NA;NA;Kabupaten;NA;MultiPolygon
3471;Indonesia;City;IDN;IDN.33_1;IDN.33.3_1;ID.YO.YO;Yogyakarta;Kota Yogyakarta;NA;NA;Kota;NA;Polygon
3401;Indonesia;Regency;IDN;IDN.33_1;IDN.33.4_1;ID.YO.KP;Yogyakarta;Kulon Progo;NA;NA;Kabupaten;NA;Polygon
3404;Indonesia;Regency;IDN;IDN.33_1;IDN.33.5_1;ID.YO.SL;Yogyakarta;Sleman;NA;NA;Kabupaten;NA;Polygon
