id,tweetid,guid,link,author,title,description,pubdate,source,favorite_count,retweet_count,lang,quoted_text,tweet_type,in_reply_to_screen_name,in_reply_to_user_id,in_reply_to_status_id,retweeted_screen_name,retweeted_user_id,retweeted_status_id,user_id,profile_image_url,user_statuses_count,user_friends_count,user_followers_count,user_created_at,user_bio,user_location,user_verified,
1,1656189624472178689,"https://twitter.com/OniMeniq74/statuses/1656189624472178689","https://twitter.com/OniMeniq74/statuses/1656189624472178689","OniMeniq74","RT @sydneyzw: Menteri Menteri Parekraf  @sandiuno: Senoga Musra jadi instrumen utk  menciptakan pemimpin yang dicintai rakyat   Yuk guys!!â€¦","Menteri Menteri Parekraf  @sandiuno: Senoga Musra jadi instrumen utk  menciptakan pemimpin yang dicintai rakyat   Yuk guys!! Kita turut hadiri Puncak Musra Indonesia 14 Mai 2023 di Istora Senayan bersama Presiden @jokowi  #PuncakMusraIndonesia https://t.co/TVb7mqjKDx","2023-05-10 02:49:11","Twitter for Android",0,3,"in","","retweet","",0,0,"sydneyzw",2352745627,1656155865098104832,1302582169206833155,"https://pbs.twimg.com/profile_images/1325031481958301700/4U4JN2gl_normal.jpg",40953,12471,14188,"2020-09-06 08:19:49","ğ•¾ğ–”ğ–‡ğ–†ğ–™ ğ•¸ğ–Šğ–—ğ–†ğ– ğ•»ğ–šğ–™ğ–ğ– ğŸ‡®ğŸ‡©                                                            #1DDrive   #TEAMSTALLION ğŸ #GASRI ğŸ‡®ğŸ‡©  #follbackNKRI ğŸ‡®ğŸ‡©","Kota Surabaya, Jawa Timur","",
2,1656189567396085760,"https://twitter.com/OniMeniq74/statuses/1656189567396085760","https://twitter.com/OniMeniq74/statuses/1656189567396085760","OniMeniq74","RT @denni_sauya: Menteri Parekraf RI Bapak @sandiuno mengucap selamat dan sukses atas terselenggaranya Musra dgn tema 100% pilihan rakyat mâ€¦","Menteri Parekraf RI Bapak @sandiuno mengucap selamat dan sukses atas terselenggaranya Musra dgn tema 100% pilihan rakyat mencari pemimpin rakyat melanjutkan agenda rakyat.   Semoga Musra ini jadi instrumen menciptakan pemimpin yg dekat dan dicintai rakyat. #PuncakMusraIndonesia https://t.co/RRHex8nPsy","2023-05-10 02:48:58","Twitter for Android",0,11,"in","","retweet","",0,0,"denni_sauya",1249352392954368001,1656142319761104897,1302582169206833155,"https://pbs.twimg.com/profile_images/1325031481958301700/4U4JN2gl_normal.jpg",40953,12471,14188,"2020-09-06 08:19:49","ğ•¾ğ–”ğ–‡ğ–†ğ–™ ğ•¸ğ–Šğ–—ğ–†ğ– ğ•»ğ–šğ–™ğ–ğ– ğŸ‡®ğŸ‡©                                                            #1DDrive   #TEAMSTALLION ğŸ #GASRI ğŸ‡®ğŸ‡©  #follbackNKRI ğŸ‡®ğŸ‡©","Kota Surabaya, Jawa Timur","",
3,1656189548676907008,"https://twitter.com/ariestarico2/statuses/1656189548676907008","https://twitter.com/ariestarico2/statuses/1656189548676907008","ariestarico2","RT @denni_sauya: Menteri Parekraf RI Bapak @sandiuno mengucap selamat dan sukses atas terselenggaranya Musra dgn tema 100% pilihan rakyat mâ€¦","Menteri Parekraf RI Bapak @sandiuno mengucap selamat dan sukses atas terselenggaranya Musra dgn tema 100% pilihan rakyat mencari pemimpin rakyat melanjutkan agenda rakyat.   Semoga Musra ini jadi instrumen menciptakan pemimpin yg dekat dan dicintai rakyat. #PuncakMusraIndonesia https://t.co/RRHex8nPsy","2023-05-10 02:48:53","Twitter for Android",0,11,"in","","retweet","",0,0,"denni_sauya",1249352392954368001,1656142319761104897,497702911,"https://pbs.twimg.com/profile_images/1426932034476277771/jSNvYakT_normal.jpg",82370,6797,7465,"2012-02-20 03:23:38","|| penyuka kopi || no modus ||","ğŸ‡²ğŸ‡¨peace","",
4,1656184301904596997,"https://twitter.com/kakak_ica/statuses/1656184301904596997","https://twitter.com/kakak_ica/statuses/1656184301904596997","kakak_ica","RT @sydneyzw: Menteri Menteri Parekraf  @sandiuno: Senoga Musra jadi instrumen utk  menciptakan pemimpin yang dicintai rakyat   Yuk guys!!â€¦","Menteri Menteri Parekraf  @sandiuno: Senoga Musra jadi instrumen utk  menciptakan pemimpin yang dicintai rakyat   Yuk guys!! Kita turut hadiri Puncak Musra Indonesia 14 Mai 2023 di Istora Senayan bersama Presiden @jokowi  #PuncakMusraIndonesia https://t.co/TVb7mqjKDx","2023-05-10 02:28:02","Twitter for Android",0,3,"in","","retweet","",0,0,"sydneyzw",2352745627,1656155865098104832,1408587711259168772,"https://pbs.twimg.com/profile_images/1408631871592828934/9ubpTYYq_normal.jpg",29022,6212,6555,"2021-06-25 20:47:57","ğŸ’¯% fb  Kamu ga tau aja, ada kebahagiaan dalam setiap sedekah follbackmuğŸ˜…ğŸ˜˜","hijau ","",
5,1656181350293180416,"https://twitter.com/NgkongRoses/statuses/1656181350293180416","https://twitter.com/NgkongRoses/statuses/1656181350293180416","NgkongRoses","RT @denni_sauya: Menteri Parekraf RI Bapak @sandiuno mengucap selamat dan sukses atas terselenggaranya Musra dgn tema 100% pilihan rakyat mâ€¦","Menteri Parekraf RI Bapak @sandiuno mengucap selamat dan sukses atas terselenggaranya Musra dgn tema 100% pilihan rakyat mencari pemimpin rakyat melanjutkan agenda rakyat.   Semoga Musra ini jadi instrumen menciptakan pemimpin yg dekat dan dicintai rakyat. #PuncakMusraIndonesia https://t.co/RRHex8nPsy","2023-05-10 02:16:18","Twitter for Android",0,11,"in","","retweet","",0,0,"denni_sauya",1249352392954368001,1656142319761104897,2650421658,"https://pbs.twimg.com/profile_images/1613701818512732161/-Nmh0NPW_normal.jpg",399066,26483,49391,"2014-07-16 04:43:06","Hanya orang desa. Cinta NKRI ğŸ‡®ğŸ‡©  Tertawakanlah dirimu sendiri, sebelum ditertawakan orang lain.  #BhinekaTunggalIka.ğŸ’ ğŸŒ¹ğŸŒ¹","Di Hatimu! ","",
6,1656176579016556544,"https://twitter.com/w3_esbe/statuses/1656176579016556544","https://twitter.com/w3_esbe/statuses/1656176579016556544","w3_esbe","RT @denni_sauya: Menteri Parekraf RI Bapak @sandiuno mengucap selamat dan sukses atas terselenggaranya Musra dgn tema 100% pilihan rakyat mâ€¦","Menteri Parekraf RI Bapak @sandiuno mengucap selamat dan sukses atas terselenggaranya Musra dgn tema 100% pilihan rakyat mencari pemimpin rakyat melanjutkan agenda rakyat.   Semoga Musra ini jadi instrumen menciptakan pemimpin yg dekat dan dicintai rakyat. #PuncakMusraIndonesia https://t.co/RRHex8nPsy","2023-05-10 01:57:21","Twitter for Android",0,11,"in","","retweet","",0,0,"denni_sauya",1249352392954368001,1656142319761104897,1377478453130194945,"https://pbs.twimg.com/profile_images/1559461114559078400/5XOZhGxL_normal.jpg",55692,7576,7771,"2021-04-01 00:31:23","I â¤ï¸ NKRI ğŸ‡®ğŸ‡©  ~ #JalinPersatuan","asli wong ndeso","",
7,1656168645549248513,"https://twitter.com/ghizch4/statuses/1656168645549248513","https://twitter.com/ghizch4/statuses/1656168645549248513","ghizch4","RT @denni_sauya: Menteri Parekraf RI Bapak @sandiuno mengucap selamat dan sukses atas terselenggaranya Musra dgn tema 100% pilihan rakyat mâ€¦","Menteri Parekraf RI Bapak @sandiuno mengucap selamat dan sukses atas terselenggaranya Musra dgn tema 100% pilihan rakyat mencari pemimpin rakyat melanjutkan agenda rakyat.   Semoga Musra ini jadi instrumen menciptakan pemimpin yg dekat dan dicintai rakyat. #PuncakMusraIndonesia https://t.co/RRHex8nPsy","2023-05-10 01:25:49","Twitter for Android",0,11,"in","","retweet","",0,0,"denni_sauya",1249352392954368001,1656142319761104897,1530916593282457600,"https://pbs.twimg.com/profile_images/1625066227042504704/2md50Bw7_normal.jpg",9839,3122,3805,"2022-05-29 10:19:13","PRO NKRI ğŸ‡®ğŸ‡©","","",
8,1656163566788165633,"https://twitter.com/B1nt4ng_K1r4r4/statuses/1656163566788165633","https://twitter.com/B1nt4ng_K1r4r4/statuses/1656163566788165633","B1nt4ng_K1r4r4","RT @denni_sauya: Menteri Parekraf RI Bapak @sandiuno mengucap selamat dan sukses atas terselenggaranya Musra dgn tema 100% pilihan rakyat mâ€¦","Menteri Parekraf RI Bapak @sandiuno mengucap selamat dan sukses atas terselenggaranya Musra dgn tema 100% pilihan rakyat mencari pemimpin rakyat melanjutkan agenda rakyat.   Semoga Musra ini jadi instrumen menciptakan pemimpin yg dekat dan dicintai rakyat. #PuncakMusraIndonesia https://t.co/RRHex8nPsy","2023-05-10 01:05:39","Twitter for Android",0,11,"in","","retweet","",0,0,"denni_sauya",1249352392954368001,1656142319761104897,1375462822285516820,"https://pbs.twimg.com/profile_images/1642114469806620672/vkttds4g_normal.jpg",18995,4804,4981,"2021-03-26 11:01:34","ğŸ‡®ğŸ‡© PRO NKRI ğŸ‡²ğŸ‡¨   #JalinPersatuan","Wonosobo, Indonesia","",
9,1656160595312508929,"https://twitter.com/dcristnugroho/statuses/1656160595312508929","https://twitter.com/dcristnugroho/statuses/1656160595312508929","dcristnugroho","RT @sydneyzw: Menteri Menteri Parekraf  @sandiuno: Senoga Musra jadi instrumen utk  menciptakan pemimpin yang dicintai rakyat   Yuk guys!!â€¦","Menteri Menteri Parekraf  @sandiuno: Senoga Musra jadi instrumen utk  menciptakan pemimpin yang dicintai rakyat   Yuk guys!! Kita turut hadiri Puncak Musra Indonesia 14 Mai 2023 di Istora Senayan bersama Presiden @jokowi  #PuncakMusraIndonesia https://t.co/TVb7mqjKDx","2023-05-10 00:53:50","Twitter for Android",0,3,"in","","retweet","",0,0,"sydneyzw",2352745627,1656155865098104832,1395975607347863552,"https://pbs.twimg.com/profile_images/1650981992648052736/QMyNtlFx_normal.jpg",68670,4171,4450,"2021-05-22 01:31:59","Indonesia negaraqu Pancasila Ideologiqu #GerakanMERAHPUTIH adalah gerakanqu utk satu Tekad Jaga NKRI","Semarang, Jawa Tengah","",
10,1656155865098104832,"https://twitter.com/sydneyzw/statuses/1656155865098104832","https://twitter.com/sydneyzw/statuses/1656155865098104832","sydneyzw","Menteri Menteri Parekraf  @sandiuno: Senoga Musra jadi instrumen utk  menciptakan pemimpin yang dicintai rakyat   Yuk guys!! Kita turut hadiri Puncak Musra Indonesia 14 Mai 2023 di Istora Senayan bersama Presiden @jokowi  #PuncakMusraIndonesia https://t.co/TVb7mqjKDx","Menteri Menteri Parekraf  @sandiuno: Senoga Musra jadi instrumen utk  menciptakan pemimpin yang dicintai rakyat   Yuk guys!! Kita turut hadiri Puncak Musra Indonesia 14 Mai 2023 di Istora Senayan bersama Presiden @jokowi  #PuncakMusraIndonesia https://t.co/TVb7mqjKDx","2023-05-10 00:35:02","Twitter for Android",3,3,"in","","original","",0,0,"",0,0,2352745627,"https://pbs.twimg.com/profile_images/1608143492471193600/bcRId5W2_normal.jpg",58896,11490,13316,"2014-02-20 00:05:28","ğŸ‡®ğŸ‡© GASRI #JalinPersatuan ||  ğˆğ§ğğğ©ğğ§ğğğ§","Kota Tangerang, Banten","",
11,1656155770164248576,"https://twitter.com/wil_ws_/statuses/1656155770164248576","https://twitter.com/wil_ws_/statuses/1656155770164248576","wil_ws_","RT @denni_sauya: Menteri Parekraf RI Bapak @sandiuno mengucap selamat dan sukses atas terselenggaranya Musra dgn tema 100% pilihan rakyat mâ€¦","Menteri Parekraf RI Bapak @sandiuno mengucap selamat dan sukses atas terselenggaranya Musra dgn tema 100% pilihan rakyat mencari pemimpin rakyat melanjutkan agenda rakyat.   Semoga Musra ini jadi instrumen menciptakan pemimpin yg dekat dan dicintai rakyat. #PuncakMusraIndonesia https://t.co/RRHex8nPsy","2023-05-10 00:34:40","Twitter for iPhone",0,11,"in","","retweet","",0,0,"denni_sauya",1249352392954368001,1656142319761104897,87632140,"https://pbs.twimg.com/profile_images/1644302569530081280/CSTis2mW_normal.jpg",240542,8319,8255,"2009-11-05 01:42:41","","Indonesia","",
12,1656152564705144832,"https://twitter.com/polt4kj4b4l23_/statuses/1656152564705144832","https://twitter.com/polt4kj4b4l23_/statuses/1656152564705144832","polt4kj4b4l23_","RT @denni_sauya: Menteri Parekraf RI Bapak @sandiuno mengucap selamat dan sukses atas terselenggaranya Musra dgn tema 100% pilihan rakyat mâ€¦","Menteri Parekraf RI Bapak @sandiuno mengucap selamat dan sukses atas terselenggaranya Musra dgn tema 100% pilihan rakyat mencari pemimpin rakyat melanjutkan agenda rakyat.   Semoga Musra ini jadi instrumen menciptakan pemimpin yg dekat dan dicintai rakyat. #PuncakMusraIndonesia https://t.co/RRHex8nPsy","2023-05-10 00:21:55","Twitter for Android",0,11,"in","","retweet","",0,0,"denni_sauya",1249352392954368001,1656142319761104897,1614545257399713793,"https://pbs.twimg.com/profile_images/1654037499898114048/bVg_ty79_normal.jpg",3717,2450,2297,"2023-01-15 03:50:05","Â¶Air Mengalir Emas sepuhan Di Waringin Pintu Bercabang Dua Terima Kewajiban Berat Dan Ringan Dengan Kasih Sekarang Bersua Â¶ #FriendsFollback NKRIğŸ‡®ğŸ‡©"," TNBD Sumatra Indoneaia","",
13,1656144537683922945,"https://twitter.com/dcristnugroho/statuses/1656144537683922945","https://twitter.com/dcristnugroho/statuses/1656144537683922945","dcristnugroho","RT @denni_sauya: Menteri Parekraf RI Bapak @sandiuno mengucap selamat dan sukses atas terselenggaranya Musra dgn tema 100% pilihan rakyat mâ€¦","Menteri Parekraf RI Bapak @sandiuno mengucap selamat dan sukses atas terselenggaranya Musra dgn tema 100% pilihan rakyat mencari pemimpin rakyat melanjutkan agenda rakyat.   Semoga Musra ini jadi instrumen menciptakan pemimpin yg dekat dan dicintai rakyat. #PuncakMusraIndonesia https://t.co/RRHex8nPsy","2023-05-09 23:50:02","Twitter for Android",0,11,"in","","retweet","",0,0,"denni_sauya",1249352392954368001,1656142319761104897,1395975607347863552,"https://pbs.twimg.com/profile_images/1650981992648052736/QMyNtlFx_normal.jpg",68670,4171,4450,"2021-05-22 01:31:59","Indonesia negaraqu Pancasila Ideologiqu #GerakanMERAHPUTIH adalah gerakanqu utk satu Tekad Jaga NKRI","Semarang, Jawa Tengah","",
14,1656144364975038469,"https://twitter.com/seruanhl/statuses/1656144364975038469","https://twitter.com/seruanhl/statuses/1656144364975038469","seruanhl","RT @denni_sauya: Menteri Parekraf RI Bapak @sandiuno mengucap selamat dan sukses atas terselenggaranya Musra dgn tema 100% pilihan rakyat mâ€¦","Menteri Parekraf RI Bapak @sandiuno mengucap selamat dan sukses atas terselenggaranya Musra dgn tema 100% pilihan rakyat mencari pemimpin rakyat melanjutkan agenda rakyat.   Semoga Musra ini jadi instrumen menciptakan pemimpin yg dekat dan dicintai rakyat. #PuncakMusraIndonesia https://t.co/RRHex8nPsy","2023-05-09 23:49:20","Twitter for Android",0,11,"in","","retweet","",0,0,"denni_sauya",1249352392954368001,1656142319761104897,1174287141909590017,"https://pbs.twimg.com/profile_images/1471657521425248259/VpgJ7rQb_normal.jpg",329704,18598,33210,"2019-09-18 07:41:15","GASRI #JalinPersatuan || Errare Humanum Est Turpe In Errore Perseverare || DIKELOLA DUA ADMIN || #IndonesiaMaju","Indonesia","",
15,1656142650377109508,"https://twitter.com/TaqiBahjat/statuses/1656142650377109508","https://twitter.com/TaqiBahjat/statuses/1656142650377109508","TaqiBahjat","RT @denni_sauya: Menteri Parekraf RI Bapak @sandiuno mengucap selamat dan sukses atas terselenggaranya Musra dgn tema 100% pilihan rakyat mâ€¦","Menteri Parekraf RI Bapak @sandiuno mengucap selamat dan sukses atas terselenggaranya Musra dgn tema 100% pilihan rakyat mencari pemimpin rakyat melanjutkan agenda rakyat.   Semoga Musra ini jadi instrumen menciptakan pemimpin yg dekat dan dicintai rakyat. #PuncakMusraIndonesia https://t.co/RRHex8nPsy","2023-05-09 23:42:32","Twitter for Android",0,11,"in","","retweet","",0,0,"denni_sauya",1249352392954368001,1656142319761104897,1595034699755245569,"https://pbs.twimg.com/profile_images/1595034925526228992/RRZUXho8_normal.jpg",2403,360,281,"2022-11-22 07:41:36","Saya Akan Hargai Follow Anda dengan Follback Sebagai Tanda Persahabatan Kita di Dunia Maya","","",
16,1656142319761104897,"https://twitter.com/denni_sauya/statuses/1656142319761104897","https://twitter.com/denni_sauya/statuses/1656142319761104897","denni_sauya","Menteri Parekraf RI Bapak @sandiuno mengucap selamat dan sukses atas terselenggaranya Musra dgn tema 100% pilihan rakyat mencari pemimpin rakyat melanjutkan agenda rakyat.   Semoga Musra ini jadi instrumen menciptakan pemimpin yg dekat dan dicintai rakyat. #PuncakMusraIndonesia https://t.co/RRHex8nPsy","Menteri Parekraf RI Bapak @sandiuno mengucap selamat dan sukses atas terselenggaranya Musra dgn tema 100% pilihan rakyat mencari pemimpin rakyat melanjutkan agenda rakyat.   Semoga Musra ini jadi instrumen menciptakan pemimpin yg dekat dan dicintai rakyat. #PuncakMusraIndonesia https://t.co/RRHex8nPsy","2023-05-09 23:41:13","Twitter for Android",13,11,"in","","original","",0,0,"",0,0,1249352392954368001,"https://pbs.twimg.com/profile_images/1649895687881113600/RROHT2fj_normal.jpg",428295,17248,27103,"2020-04-12 11:03:51","~ ğ™‚ğ˜¼ğ™ğ™ğ™„ ğŸ‡®ğŸ‡© #JalinPersatuan ||","Wonosobo, Indonesia","",
17,1656133179789697025,"https://twitter.com/pariwisata_pati/statuses/1656133179789697025","https://twitter.com/pariwisata_pati/statuses/1656133179789697025","pariwisata_pati","SEMARAK JEJARING KABUPATEN/ KOTA KREATIF INDONESIA.  Sobat Parekraf,  Jangan lupa sempatkan waktu weekend untuk mampir ke booth Kabupaten Pati yaa.... 19-21 Mei 2023  Kawasan Kota Lama Semarang.  Salam Kreatif. https://t.co/dYLFgva7R0","SEMARAK JEJARING KABUPATEN/ KOTA KREATIF INDONESIA.  Sobat Parekraf,  Jangan lupa sempatkan waktu weekend untuk mampir ke booth Kabupaten Pati yaa.... 19-21 Mei 2023  Kawasan Kota Lama Semarang.  Salam Kreatif. https://t.co/dYLFgva7R0","2023-05-09 23:04:54","Twitter for Android",0,0,"in","","original","",0,0,"",0,0,1631106098127335424,"https://pbs.twimg.com/profile_images/1631107135873650690/W-r1tIuE_normal.jpg",21,6,0,"2023-03-01 20:36:28","Jalan Panglima Sudirman No. 12, Pati","Pati, Indonesia","",
18,1655998021900046336,"https://twitter.com/juliankusm/statuses/1655998021900046336","https://twitter.com/juliankusm/statuses/1655998021900046336","juliankusm","@rakaadiitya coldplay emg bekingannya parekraf rak, makanya bisa pake gbk wkwkwk ğŸ¤£","@rakaadiitya coldplay emg bekingannya parekraf rak, makanya bisa pake gbk wkwkwk ğŸ¤£","2023-05-09 14:07:50","Twitter for iPhone",0,0,"in","","reply","rakaadiitya",732753926705930240,1655996754893094917,"",0,0,277923116,"https://pbs.twimg.com/profile_images/1640332159033704448/DY38PjsD_normal.jpg",56285,423,11885,"2011-04-06 03:44:54","Tech Enthusiast","Semarang, Jawa Tengah","",
19,1655875167128797184,"https://twitter.com/fxnetizen/statuses/1655875167128797184","https://twitter.com/fxnetizen/statuses/1655875167128797184","fxnetizen","RT @tempodotco: Presiden Jokowi menjagokan Menteri BUMN Erick Thohir dan Menteri Parekraf Sandiaga Uno sebagai Cawapres. https://t.co/26J4nâ€¦","Presiden Jokowi menjagokan Menteri BUMN Erick Thohir dan Menteri Parekraf Sandiaga Uno sebagai Cawapres. https://t.co/26J4nG7rYF","2023-05-09 05:59:39","Twitter Web App",0,4,"in","","retweet","",0,0,"tempodotco",18129942,1655870411186528258,1605406472984178688,"https://pbs.twimg.com/profile_images/1605440269502976000/By9kYcYv_normal.jpg",8112,414,154,"2022-12-20 22:35:25","Manusia Bebas Merdeka...","","",
20,1655872743106281472,"https://twitter.com/EdwarFeggy/statuses/1655872743106281472","https://twitter.com/EdwarFeggy/statuses/1655872743106281472","EdwarFeggy","RT @tempodotco: Presiden Jokowi menjagokan Menteri BUMN Erick Thohir dan Menteri Parekraf Sandiaga Uno sebagai Cawapres. https://t.co/26J4nâ€¦","Presiden Jokowi menjagokan Menteri BUMN Erick Thohir dan Menteri Parekraf Sandiaga Uno sebagai Cawapres. https://t.co/26J4nG7rYF","2023-05-09 05:50:01","Twitter for Android",0,4,"in","","retweet","",0,0,"tempodotco",18129942,1655870411186528258,1292466322563952640,"https://pbs.twimg.com/profile_images/1399245766577713163/Fx1USf-l_normal.jpg",141362,849,598,"2020-08-09 10:23:18","Save NKRI yang bermartabat","","",
21,1655871982397976576,"https://twitter.com/NyiRrk/statuses/1655871982397976576","https://twitter.com/NyiRrk/statuses/1655871982397976576","NyiRrk","RT @tempodotco: Presiden Jokowi menjagokan Menteri BUMN Erick Thohir dan Menteri Parekraf Sandiaga Uno sebagai Cawapres. https://t.co/26J4nâ€¦","Presiden Jokowi menjagokan Menteri BUMN Erick Thohir dan Menteri Parekraf Sandiaga Uno sebagai Cawapres. https://t.co/26J4nG7rYF","2023-05-09 05:46:59","Twitter for Android",0,4,"in","","retweet","",0,0,"tempodotco",18129942,1655870411186528258,1604885174436909056,"https://pbs.twimg.com/profile_images/1617919623802023937/7hO7ILOP_normal.jpg",10406,2856,2812,"2022-12-19 12:07:41","Bakul Pecel Keliling   #GakFollowPorno Yes , We Are Connected  !","Pesisir Pantai Selatan","",
22,1655870411186528258,"https://twitter.com/tempodotco/statuses/1655870411186528258","https://twitter.com/tempodotco/statuses/1655870411186528258","tempodotco","Presiden Jokowi menjagokan Menteri BUMN Erick Thohir dan Menteri Parekraf Sandiaga Uno sebagai Cawapres. https://t.co/26J4nG7rYF","Presiden Jokowi menjagokan Menteri BUMN Erick Thohir dan Menteri Parekraf Sandiaga Uno sebagai Cawapres. https://t.co/26J4nG7rYF","2023-05-09 05:40:45","TweetDeck",7,4,"in","","original","",0,0,"",0,0,18129942,"https://pbs.twimg.com/profile_images/1580466468629594112/Q-zcV6aQ_normal.jpg",1170284,28,2196774,"2008-12-14 22:54:15","#BicaraFakta | Follow us for breaking news, current events, and more at https://t.co/aR6kgUM5in | Read our in-depth coverage at @temponewsroom & @korantempo","Indonesia","",
23,1655822918344151041,"https://twitter.com/asep_samhu91658/statuses/1655822918344151041","https://twitter.com/asep_samhu91658/statuses/1655822918344151041","asep_samhu91658","RT @jibrannajibs_s8: Jedag-jedug typography bapak mentri kita yaitu menteri parekraf sandiaga uno cocok gk jadi president 2024? #jedagjedugâ€¦","Jedag-jedug typography bapak mentri kita yaitu menteri parekraf sandiaga uno cocok gk jadi president 2024? #jedagjedug #typography #sandiagauno #kemenparekraf #cocok #jadi #presiden2024 #fyp #fypã‚· #fyppage #fypviraltiktok #fypsounds #fyptwitter #fypinstagram . https://t.co/SmrqcjuLNZ","2023-05-09 02:32:02","Twitter Web App",0,1,"in","","retweet","",0,0,"jibrannajibs_s8",1596205728414388225,1646575132838879232,1652507631314173952,"https://pbs.twimg.com/profile_images/1652507734645035009/Lqq98Siq_normal.png",33,42,4,"2023-04-29 22:58:40","","","",
24,1655822451186765824,"https://twitter.com/celebterkini/statuses/1655822451186765824","https://twitter.com/celebterkini/statuses/1655822451186765824","celebterkini","@coldplay Konser Coldplay bakal meningkatkan jumlah wisatawan #SandiagaUno #ColdplayJakarta  https://t.co/meMVu8KOsd","@coldplay Konser Coldplay bakal meningkatkan jumlah wisatawan #SandiagaUno #ColdplayJakarta  https://t.co/meMVu8KOsd","2023-05-09 02:30:10","Twitter Web App",0,0,"in","","reply","coldplay",18863815,1655754982140919810,"",0,0,227607482,"https://pbs.twimg.com/profile_images/1640372858156384256/HdNE9WWj_normal.jpg",103514,2411,227001,"2010-12-17 03:37:11","Official Twitter of CelebritiesDotID | MNC Media Group | Follow us for Lifestyle and Celebrities News Update","Jakarta","",
25,1655821817054130176,"https://twitter.com/celebterkini/statuses/1655821817054130176","https://twitter.com/celebterkini/statuses/1655821817054130176","celebterkini","@coldplayxtra @IDWantsColdplay Konser Coldplay bakal meningkatkan jumlah wisatawan #SandiagaUno #ColdplayJakarta  https://t.co/meMVu8KOsd","@coldplayxtra @IDWantsColdplay Konser Coldplay bakal meningkatkan jumlah wisatawan #SandiagaUno #ColdplayJakarta  https://t.co/meMVu8KOsd","2023-05-09 02:27:39","Twitter Web App",0,0,"in","","reply","coldplayxtra",968972541787344897,1655757815686868992,"",0,0,227607482,"https://pbs.twimg.com/profile_images/1640372858156384256/HdNE9WWj_normal.jpg",103514,2411,227001,"2010-12-17 03:37:11","Official Twitter of CelebritiesDotID | MNC Media Group | Follow us for Lifestyle and Celebrities News Update","Jakarta","",
26,1655821727061143554,"https://twitter.com/celebterkini/statuses/1655821727061143554","https://twitter.com/celebterkini/statuses/1655821727061143554","celebterkini","@IDWantsColdplay @coldplay Konser Coldplay bakal meningkatkan jumlah wisatawan #SandiagaUno #ColdplayJakarta  https://t.co/meMVu8KOsd","@IDWantsColdplay @coldplay Konser Coldplay bakal meningkatkan jumlah wisatawan #SandiagaUno #ColdplayJakarta  https://t.co/meMVu8KOsd","2023-05-09 02:27:18","Twitter Web App",0,0,"in","","reply","IDWantsColdplay",553195963,1655759623343968258,"",0,0,227607482,"https://pbs.twimg.com/profile_images/1640372858156384256/HdNE9WWj_normal.jpg",103514,2411,227001,"2010-12-17 03:37:11","Official Twitter of CelebritiesDotID | MNC Media Group | Follow us for Lifestyle and Celebrities News Update","Jakarta","",
27,1655821554385817600,"https://twitter.com/celebterkini/statuses/1655821554385817600","https://twitter.com/celebterkini/statuses/1655821554385817600","celebterkini","@IDWantsColdplay @coldplay Konser Coldplay bakal meningkatkan jumlah wisatawan #CelebritiesDotID #InfoCelebTerkini #SandiagaUno #Coldplay https://t.co/meMVu8KOsd","@IDWantsColdplay @coldplay Konser Coldplay bakal meningkatkan jumlah wisatawan #CelebritiesDotID #InfoCelebTerkini #SandiagaUno #Coldplay https://t.co/meMVu8KOsd","2023-05-09 02:26:36","Twitter Web App",1,0,"in","","reply","IDWantsColdplay",553195963,1655787787667542017,"",0,0,227607482,"https://pbs.twimg.com/profile_images/1640372858156384256/HdNE9WWj_normal.jpg",103514,2411,227001,"2010-12-17 03:37:11","Official Twitter of CelebritiesDotID | MNC Media Group | Follow us for Lifestyle and Celebrities News Update","Jakarta","",
28,1655820505235226624,"https://twitter.com/celebterkini/statuses/1655820505235226624","https://twitter.com/celebterkini/statuses/1655820505235226624","celebterkini","@kingnyamjoon Konser Coldplay bakal meningkatkan jumlah wisatawan #CelebritiesDotID #InfoCelebTerkini #SandiagaUno #ColdplayJakarta #ColdplayIndonesia https://t.co/meMVu8KOsd","@kingnyamjoon Konser Coldplay bakal meningkatkan jumlah wisatawan #CelebritiesDotID #InfoCelebTerkini #SandiagaUno #ColdplayJakarta #ColdplayIndonesia https://t.co/meMVu8KOsd","2023-05-09 02:22:26","Twitter Web App",0,0,"in","","reply","kingnyamjoon",1341827067004907520,1655769555963363328,"",0,0,227607482,"https://pbs.twimg.com/profile_images/1640372858156384256/HdNE9WWj_normal.jpg",103514,2411,227001,"2010-12-17 03:37:11","Official Twitter of CelebritiesDotID | MNC Media Group | Follow us for Lifestyle and Celebrities News Update","Jakarta","",
29,1655819908020838401,"https://twitter.com/celebterkini/statuses/1655819908020838401","https://twitter.com/celebterkini/statuses/1655819908020838401","celebterkini","Sandiaga Uno optimis konser Coldplay di GBK akan tingkatkan jumlah wisatawan #CelebritiesDotID #InfoCelebTerkini #SandiagaUno #ColdplayJakarta #ColdplayIndonesia  https://t.co/meMVu8KOsd","Sandiaga Uno optimis konser Coldplay di GBK akan tingkatkan jumlah wisatawan #CelebritiesDotID #InfoCelebTerkini #SandiagaUno #ColdplayJakarta #ColdplayIndonesia  https://t.co/meMVu8KOsd","2023-05-09 02:20:04","Twitter Web App",0,0,"in","","original","",0,0,"",0,0,227607482,"https://pbs.twimg.com/profile_images/1640372858156384256/HdNE9WWj_normal.jpg",103514,2411,227001,"2010-12-17 03:37:11","Official Twitter of CelebritiesDotID | MNC Media Group | Follow us for Lifestyle and Celebrities News Update","Jakarta","",
30,1655800278669758464,"https://twitter.com/Polresbanjarjbr/statuses/1655800278669758464","https://twitter.com/Polresbanjarjbr/statuses/1655800278669758464","Polresbanjarjbr","Indonesia Pastikan Kawal Capaian Tiga Pilar Utama Keketuaan ASEAN Summit 2023  Pada ASEAN Summit 2023, Indonesia memastikan akan mengawal capaian tiga pilar utama dalam keketuaannya. Apa saja tiga pilar tersebut?    : @kemen_parekraf https://t.co/dmHl4s7aGL","Indonesia Pastikan Kawal Capaian Tiga Pilar Utama Keketuaan ASEAN Summit 2023  Pada ASEAN Summit 2023, Indonesia memastikan akan mengawal capaian tiga pilar utama dalam keketuaannya. Apa saja tiga pilar tersebut?    : @kemen_parekraf https://t.co/dmHl4s7aGL","2023-05-09 01:02:04","Twitter for iPhone",1,0,"in","","original","",0,0,"",0,0,1239476849547202561,"https://pbs.twimg.com/profile_images/1432269262664527873/O3mLkvFo_normal.jpg",9351,70,95,"2020-03-16 05:01:40","New Akun Resmi Polres Banjar Polda JabarğŸ“ŒFacebook : Polres Banjar Polda Jabar ğŸ“ŒInstagram : polresbanjar_jabar ğŸ“ŒYoutube : Polres Banjar Polda Jabar","Jl. Siliwangi No.145","",
31,1655740937044381697,"https://twitter.com/meltedheated/statuses/1655740937044381697","https://twitter.com/meltedheated/statuses/1655740937044381697","meltedheated","@euniceapril Markom parekraf halo? Kok bisa lolos ini?","@euniceapril Markom parekraf halo? Kok bisa lolos ini?","2023-05-08 21:06:16","Twitter for iPhone",0,0,"in","","reply","euniceapril",42556892,1655613157069709314,"",0,0,1360776584412635136,"https://pbs.twimg.com/profile_images/1642832600371957760/lJScxsv1_normal.jpg",12136,375,85,"2021-02-13 21:23:42","if lost, please return to @hellofromee â€¢ â™‘ï¸â™‹ï¸â™’ï¸â™ï¸","she/her","",
32,1655735808912150528,"https://twitter.com/AdryFajry/statuses/1655735808912150528","https://twitter.com/AdryFajry/statuses/1655735808912150528","AdryFajry","@euniceapril Jangan diikhlaskan gtu aja gan, biasanya instansi pemerintah buat konten promosi menghire konsultan Badan Usaha atau tenaga ahli perorangan dan itu dibayar, takutnya konten agan dibuat oleh pihak ketiga yang dibayar oleh parekraf","@euniceapril Jangan diikhlaskan gtu aja gan, biasanya instansi pemerintah buat konten promosi menghire konsultan Badan Usaha atau tenaga ahli perorangan dan itu dibayar, takutnya konten agan dibuat oleh pihak ketiga yang dibayar oleh parekraf","2023-05-08 20:45:53","Twitter for Android",3,0,"in","","reply","euniceapril",42556892,1655613157069709314,"",0,0,62460591,"https://pbs.twimg.com/profile_images/448045321407315968/x3JYHSZq_normal.jpeg",15965,248,187,"2009-08-03 03:15:33","a Father  | Civil Engineer | LFC |","Tangerang, Indonesia","",
33,1655502996451758081,"https://twitter.com/tondang_t7239/statuses/1655502996451758081","https://twitter.com/tondang_t7239/statuses/1655502996451758081","tondang_t7239","(Parekraf) itu sepenuhnya merupakan urusan dari Sandiaga Uno.  #PrabowoPemersatu #BangkitBersama #SayaSetyoko","(Parekraf) itu sepenuhnya merupakan urusan dari Sandiaga Uno.  #PrabowoPemersatu #BangkitBersama #SayaSetyoko","2023-05-08 05:20:46","Twitter for Android",0,0,"in","","reply","tondang_t7239",4482631578,1655502993150869506,"",0,0,4482631578,"https://pbs.twimg.com/profile_images/1628973369239670784/vXocJiVs_normal.jpg",9727,40,2,"2015-12-07 00:25:44","","","",
34,1655082547599261698,"https://twitter.com/NaikMotor_ID/statuses/1655082547599261698","https://twitter.com/NaikMotor_ID/statuses/1655082547599261698","NaikMotor_ID","Potensi Ekonomi Sektor Parekraf Bangkit Capai Rp335,3 Triliun di Momen Lebaran 2023 https://t.co/izYO528MD8 https://t.co/sXW2fQKA6m","Potensi Ekonomi Sektor Parekraf Bangkit Capai Rp335,3 Triliun di Momen Lebaran 2023 https://t.co/izYO528MD8 https://t.co/sXW2fQKA6m","2023-05-07 01:30:03","dlvr.it",0,0,"in","","original","",0,0,"",0,0,546957292,"https://pbs.twimg.com/profile_images/947514548398915584/G5wXcUb9_normal.jpg",40513,460,1951,"2012-04-06 13:04:58","Jurnal Pengendara Motor #naikmotor Email : redaksi@naikmotor.com Instagram : @naikmotor - FB: https://t.co/AeRGSSw38E Youtube : NaikMotor Indonesia","Jakarta","",
35,1655057252028674052,"https://twitter.com/santidiwyathi/statuses/1655057252028674052","https://twitter.com/santidiwyathi/statuses/1655057252028674052","santidiwyathi","RT @Kemenparekraf: Sektor parekraf tanah air penuh kabar baik! ğŸ‘ğŸ» https://t.co/iVbcwJGfjb","Sektor parekraf tanah air penuh kabar baik! ğŸ‘ğŸ» https://t.co/iVbcwJGfjb","2023-05-06 23:49:33","Twitter for Android",0,3,"in","","retweet","",0,0,"Kemenparekraf",3259539990,1654834181585920000,70082739,"https://pbs.twimg.com/profile_images/1135826344/23_normal.jpg",4682,469,305,"2009-08-30 04:39:00","","","",
36,1655045021211545601,"https://twitter.com/NaikMotor_ID/statuses/1655045021211545601","https://twitter.com/NaikMotor_ID/statuses/1655045021211545601","NaikMotor_ID","Potensi Ekonomi Sektor Parekraf Bangkit Capai Rp335,3 Triliun di Momen LebaranÂ 2023 https://t.co/2FNXSebbEh","Potensi Ekonomi Sektor Parekraf Bangkit Capai Rp335,3 Triliun di Momen LebaranÂ 2023 https://t.co/2FNXSebbEh","2023-05-06 23:00:56","Jetpack.com",0,0,"in","","original","",0,0,"",0,0,546957292,"https://pbs.twimg.com/profile_images/947514548398915584/G5wXcUb9_normal.jpg",40513,460,1951,"2012-04-06 13:04:58","Jurnal Pengendara Motor #naikmotor Email : redaksi@naikmotor.com Instagram : @naikmotor - FB: https://t.co/AeRGSSw38E Youtube : NaikMotor Indonesia","Jakarta","",
37,1654910742104264704,"https://twitter.com/DPOPSamarinda/statuses/1654910742104264704","https://twitter.com/DPOPSamarinda/statuses/1654910742104264704","DPOPSamarinda","RT @Kemenparekraf: Sektor parekraf tanah air penuh kabar baik! ğŸ‘ğŸ» https://t.co/iVbcwJGfjb","Sektor parekraf tanah air penuh kabar baik! ğŸ‘ğŸ» https://t.co/iVbcwJGfjb","2023-05-06 14:07:22","Twitter Web App",0,3,"in","","retweet","",0,0,"Kemenparekraf",3259539990,1654834181585920000,156151565,"https://pbs.twimg.com/profile_images/1346380088271519745/XXJQqCHL_normal.jpg",2614,1785,4668,"2010-06-16 00:25:39","Official Dinas Pemuda, Olahraga & Pariwisata Samarinda. #BeraniBerubah","Samarinda","",
38,1654880841829580802,"https://twitter.com/1031___pansy/statuses/1654880841829580802","https://twitter.com/1031___pansy/statuses/1654880841829580802","1031___pansy","@sandiuno tolong dong Om Sandi selaku menteri Parekraf, audit lah sudin sudin anda, apalagi untuk EO EO nya masa make EO yg ilegal, mana pekerja EO nya d bayar murah pula hadeh","@sandiuno tolong dong Om Sandi selaku menteri Parekraf, audit lah sudin sudin anda, apalagi untuk EO EO nya masa make EO yg ilegal, mana pekerja EO nya d bayar murah pula hadeh","2023-05-06 12:08:33","Twitter for Android",0,0,"in","","original","",0,0,"",0,0,1214687843349516288,"https://pbs.twimg.com/profile_images/1377965611897118724/R_pydS5b_normal.jpg",296,168,10,"2020-01-07 18:18:59","ã€‚","","",
39,1654834219833765889,"https://twitter.com/Kemenparekraf/statuses/1654834219833765889","https://twitter.com/Kemenparekraf/statuses/1654834219833765889","Kemenparekraf","Ini jadi pertanda lampu hijau, bahwa parekraf tanah air semakin berkembang dan mendunia, serta berperan besar dalam membuka lapangan kerja lebih luas lagi! ğŸ”¥ https://t.co/tkHuoS32zi","Ini jadi pertanda lampu hijau, bahwa parekraf tanah air semakin berkembang dan mendunia, serta berperan besar dalam membuka lapangan kerja lebih luas lagi! ğŸ”¥ https://t.co/tkHuoS32zi","2023-05-06 09:03:17","Twitter for iPhone",6,1,"in","","reply","Kemenparekraf",3259539990,1654834202104434688,"",0,0,3259539990,"https://pbs.twimg.com/profile_images/1237893679701868548/3I8XNJjJ_normal.jpg",56410,426,261363,"2015-06-29 01:29:17","Akun Twitter Resmi Kementerian Pariwisata dan Ekonomi Kreatif/Badan Pariwisata dan Ekonomi Kreatif RI. Dikelola oleh Biro Komunikasi.","Jakarta Pusat, DKI Jakarta","",
40,1654834181585920000,"https://twitter.com/Kemenparekraf/statuses/1654834181585920000","https://twitter.com/Kemenparekraf/statuses/1654834181585920000","Kemenparekraf","Sektor parekraf tanah air penuh kabar baik! ğŸ‘ğŸ» https://t.co/iVbcwJGfjb","Sektor parekraf tanah air penuh kabar baik! ğŸ‘ğŸ» https://t.co/iVbcwJGfjb","2023-05-06 09:03:08","Twitter for iPhone",12,3,"in","","original","",0,0,"",0,0,3259539990,"https://pbs.twimg.com/profile_images/1237893679701868548/3I8XNJjJ_normal.jpg",56410,426,261363,"2015-06-29 01:29:17","Akun Twitter Resmi Kementerian Pariwisata dan Ekonomi Kreatif/Badan Pariwisata dan Ekonomi Kreatif RI. Dikelola oleh Biro Komunikasi.","Jakarta Pusat, DKI Jakarta","",
41,1654488304723582978,"https://twitter.com/BeritaJakarta/statuses/1654488304723582978","https://twitter.com/BeritaJakarta/statuses/1654488304723582978","BeritaJakarta","Dinas Parekraf Kembali Rutinkan Olahraga untuk PNS dan PJLP  #BacadiBJ #BeritaJakarta #DKIJakarta #JAKI #WeLoveJakarta  https://t.co/GujCoXr8Dq","Dinas Parekraf Kembali Rutinkan Olahraga untuk PNS dan PJLP  #BacadiBJ #BeritaJakarta #DKIJakarta #JAKI #WeLoveJakarta  https://t.co/GujCoXr8Dq","2023-05-05 10:08:45","Twitter for Android",1,0,"in","","original","",0,0,"",0,0,213204035,"https://pbs.twimg.com/profile_images/1655769829234872322/ZLjUzgfG_normal.jpg",234165,90,174441,"2010-11-08 03:03:45","Akun Resmi Website Berita Pemprov DKI Jakarta","Balaikota DKI Jakarta","",
42,1654466284204208129,"https://twitter.com/110599Monk/statuses/1654466284204208129","https://twitter.com/110599Monk/statuses/1654466284204208129","110599Monk","Ini ntar director opening sea games 2023 bakal dijadiin menteri parekraf ga ya :) :) kaya di negeri konoha","Ini ntar director opening sea games 2023 bakal dijadiin menteri parekraf ga ya :) :) kaya di negeri konoha","2023-05-05 08:41:15","Twitter for Android",1,0,"in","","original","",0,0,"",0,0,1418456094746185734,"https://abs.twimg.com/sticky/default_profile_images/default_profile_normal.png",452,83,4,"2021-07-23 02:21:09","","","",
43,1654375395519774720,"https://twitter.com/nusabalicom/statuses/1654375395519774720","https://twitter.com/nusabalicom/statuses/1654375395519774720","nusabalicom","Kepala Dinas Pariwisata dan Ekonomi Kreatif (Kadis Parekraf) Provinsi Nusa Tenggara Timur (NTT) Sony Libing mengatakan bahwa destinasi wisata di Labuan Bajo Manggarai Barat tetap beroperasi meski KTT ASEAN berlangsung pada 9-11 Mei 2023  https://t.co/hJxBDWYsoj","Kepala Dinas Pariwisata dan Ekonomi Kreatif (Kadis Parekraf) Provinsi Nusa Tenggara Timur (NTT) Sony Libing mengatakan bahwa destinasi wisata di Labuan Bajo Manggarai Barat tetap beroperasi meski KTT ASEAN berlangsung pada 9-11 Mei 2023  https://t.co/hJxBDWYsoj","2023-05-05 02:40:05","Twitter Web App",0,0,"in","","original","",0,0,"",0,0,2655442453,"https://pbs.twimg.com/profile_images/945080460782092288/GHy0yfmd_normal.jpg",91455,375,2345,"2014-07-17 21:52:35","Media Berita Bali Online | Official Twitter Account Harian Umum NusaBali Email: info@nusabali.com","Denpasar, Bali","",
44,1654342457700786178,"https://twitter.com/kurniayy/statuses/1654342457700786178","https://twitter.com/kurniayy/statuses/1654342457700786178","kurniayy","Wamenparekraf Angela Prihatin Parekraf Didominasi Wanita, tapi Minim Level Atas https://t.co/Ghvlg3IkxH https://t.co/7c4X70i7tk","Wamenparekraf Angela Prihatin Parekraf Didominasi Wanita, tapi Minim Level Atas https://t.co/Ghvlg3IkxH https://t.co/7c4X70i7tk","2023-05-05 00:29:12","dlvr.it",0,0,"in","","original","",0,0,"",0,0,904599081602899968,"https://abs.twimg.com/sticky/default_profile_images/default_profile_normal.png",8581,18,7,"2017-09-04 02:56:42","","","",
45,1654338388093456385,"https://twitter.com/BizlawIndonesia/statuses/1654338388093456385","https://twitter.com/BizlawIndonesia/statuses/1654338388093456385","BizlawIndonesia","Kemenparekraf-Emirates Kerja Sama Kembangkan Pemasaran Sektor Parekraf Indonesia https://t.co/iAfE7tTc9H","Kemenparekraf-Emirates Kerja Sama Kembangkan Pemasaran Sektor Parekraf Indonesia https://t.co/iAfE7tTc9H","2023-05-05 00:13:02","dlvr.it",0,0,"in","","original","",0,0,"",0,0,1084746011006750720,"https://pbs.twimg.com/profile_images/1084750385502248960/_CsTMukX_normal.jpg",34796,9,93,"2019-01-14 04:36:17","Portal Informasi Hukum","Portal Informasi Berita Hukum dan Ekonomi Indonesia","",
46,1654337155211358208,"https://twitter.com/detikTravel/statuses/1654337155211358208","https://twitter.com/detikTravel/statuses/1654337155211358208","detikTravel","Wamenparekraf Angela Prihatin Parekraf Didominasi Wanita, tapi Minim Level Atas https://t.co/RGLlqRICs2","Wamenparekraf Angela Prihatin Parekraf Didominasi Wanita, tapi Minim Level Atas https://t.co/RGLlqRICs2","2023-05-05 00:08:08","socmed_cms",0,0,"in","","original","",0,0,"",0,0,240113510,"https://pbs.twimg.com/profile_images/1358971388510392324/hzThTJCK_normal.jpg",144850,51,496965,"2011-01-19 00:22:02","Akun Twitter resmi situs informasi seputar dunia wisata http://t.co/8o2M3YGd Update Banget! Like juga fan page facebook-nya https://t.co/PXcacQTe","Indonesia","",
47,1654321484649623552,"https://twitter.com/haloindonesia88/statuses/1654321484649623552","https://twitter.com/haloindonesia88/statuses/1654321484649623552","haloindonesia88","Dubai, https://t.co/wKgHpxyppM - Kementerian Pariwisata dan Ekonomi Kreatif/Badan Pariwisata dan Ekonomi Kreatif (Kemenparekraf/Baparekraf) menggandeng maskapai asal Uni Emirat Arab, Emirates untuk bekerja sama dalam upaya mengembangkan pemasaran sektor  https://t.co/XTlKiU6GIL https://t.co/uPgKT8f8EO","Dubai, https://t.co/wKgHpxyppM - Kementerian Pariwisata dan Ekonomi Kreatif/Badan Pariwisata dan Ekonomi Kreatif (Kemenparekraf/Baparekraf) menggandeng maskapai asal Uni Emirat Arab, Emirates untuk bekerja sama dalam upaya mengembangkan pemasaran sektor  https://t.co/XTlKiU6GIL https://t.co/uPgKT8f8EO","2023-05-04 23:05:52","Blog2Social APP",0,0,"in","","original","",0,0,"",0,0,917728330094280711,"https://pbs.twimg.com/profile_images/1322575993186394112/OajTFJJj_normal.jpg",7733,426,58,"2017-10-10 08:27:39","Aviation, Government,Tourism","Pulo Gadung, Indonesia","",
48,1654321470988861446,"https://twitter.com/haloindonesia88/statuses/1654321470988861446","https://twitter.com/haloindonesia88/statuses/1654321470988861446","haloindonesia88","Dubai, https://t.co/wKgHpxyppM - Kementerian Pariwisata dan Ekonomi Kreatif/Badan Pariwisata dan Ekonomi Kreatif (Kemenparekraf/Baparekraf) menggandeng maskapai asal Uni Emirat Arab, Emirates untuk bekerja sama dalam upaya mengembangkan pemasaran sektor  https://t.co/XTlKiU6GIL https://t.co/7pTRj8POuv","Dubai, https://t.co/wKgHpxyppM - Kementerian Pariwisata dan Ekonomi Kreatif/Badan Pariwisata dan Ekonomi Kreatif (Kemenparekraf/Baparekraf) menggandeng maskapai asal Uni Emirat Arab, Emirates untuk bekerja sama dalam upaya mengembangkan pemasaran sektor  https://t.co/XTlKiU6GIL https://t.co/7pTRj8POuv","2023-05-04 23:05:49","Blog2Social APP",0,0,"in","","original","",0,0,"",0,0,917728330094280711,"https://pbs.twimg.com/profile_images/1322575993186394112/OajTFJJj_normal.jpg",7733,426,58,"2017-10-10 08:27:39","Aviation, Government,Tourism","Pulo Gadung, Indonesia","",
49,1654255724548202496,"https://twitter.com/kinanti0205/statuses/1654255724548202496","https://twitter.com/kinanti0205/statuses/1654255724548202496","kinanti0205","RT @Kemenparekraf: Pelaku pariwisata, kreatif dan UMKM lainnya pun turut dilibatkan dalam menyukseskan acara ini sehingga menjadi langkah mâ€¦","Pelaku pariwisata, kreatif dan UMKM lainnya pun turut dilibatkan dalam menyukseskan acara ini sehingga menjadi langkah membangkitkan ekonomi pada sektor parekraf, dan berpeluang menciptakan lebih banyak lapangan kerja! ğŸ”¥ https://t.co/jvjetCWkkd","2023-05-04 18:44:33","Twitter Web App",0,1,"in","","retweet","",0,0,"Kemenparekraf",3259539990,1653695892598452224,273791807,"https://pbs.twimg.com/profile_images/1465202198753677313/Puw69IcP_normal.jpg",14914,2368,956,"2011-03-29 01:05:58","ì‚¬í•˜ë°§ ì½”ë¦¬ì•„ @korembindonesia SNS ì„œí¬í„°ì¦ˆ 2020-2021 ğŸ‡°ğŸ‡·ğŸ‡®ğŸ‡© @ROKASEAN1989 @ASEAN SNS ì„œí¬í„°ì¦ˆ 2020 ğŸ‡°ğŸ‡· ëŒ€êµ¬-ê²½ë¶ ìì¹´ë¥´íƒ€ SNS í™ë³´ë‹¨ 2021 ğŸ‡°ğŸ‡·ğŸ‡®ğŸ‡© ì½”ë¦¬ì•„ë„· ëª…ì˜ˆê¸°ìë‹¨ 2022-í˜„ì¬ ğŸ‡°ğŸ‡·","Indonesia","",
50,1654239881307246592,"https://twitter.com/AureliaMawar/statuses/1654239881307246592","https://twitter.com/AureliaMawar/statuses/1654239881307246592","AureliaMawar","Potensi Ekonomi Sektor Parekraf saat Libur Lebaran Tembus Rp335,3 Triliun https://t.co/JoPGu9AM6b","Potensi Ekonomi Sektor Parekraf saat Libur Lebaran Tembus Rp335,3 Triliun https://t.co/JoPGu9AM6b","2023-05-04 17:41:36","dlvr.it",0,0,"in","","original","",0,0,"",0,0,1351660896527872000,"https://pbs.twimg.com/profile_images/1365621484748636162/Kislgc4Y_normal.jpg",99759,76,249,"2021-01-19 17:40:58","For more updates on stories related to Indonesia in English, you can check Newsnow.","Jakarta Capital Region, Indone","",
51,1654131651797217282,"https://twitter.com/Kemenparekraf/statuses/1654131651797217282","https://twitter.com/Kemenparekraf/statuses/1654131651797217282","Kemenparekraf","Kata siapa KTT ASEAN 2023 cuma buat delegasi dan panitia aja? ğŸ¤¨  Jangan salah, perhelatan besar ini juga adalah âœ¨ PESTA RAKYAT âœ¨Jadi, masyarakat bisa turut meramaikan, lho! ğŸ¥³ğŸ¤©  Ada banyak kegiatan yang bisa Sobat Parekraf ikuti keseruannya untuk menyambut KTT ASEAN 2023 ğŸ‰ https://t.co/NlUcIqRo0C","Kata siapa KTT ASEAN 2023 cuma buat delegasi dan panitia aja? ğŸ¤¨  Jangan salah, perhelatan besar ini juga adalah âœ¨ PESTA RAKYAT âœ¨Jadi, masyarakat bisa turut meramaikan, lho! ğŸ¥³ğŸ¤©  Ada banyak kegiatan yang bisa Sobat Parekraf ikuti keseruannya untuk menyambut KTT ASEAN 2023 ğŸ‰ https://t.co/NlUcIqRo0C","2023-05-04 10:31:32","Twitter for Android",6,1,"in","","original","",0,0,"",0,0,3259539990,"https://pbs.twimg.com/profile_images/1237893679701868548/3I8XNJjJ_normal.jpg",56410,426,261363,"2015-06-29 01:29:17","Akun Twitter Resmi Kementerian Pariwisata dan Ekonomi Kreatif/Badan Pariwisata dan Ekonomi Kreatif RI. Dikelola oleh Biro Komunikasi.","Jakarta Pusat, DKI Jakarta","",
52,1654122969827008522,"https://twitter.com/AureliaMawar/statuses/1654122969827008522","https://twitter.com/AureliaMawar/statuses/1654122969827008522","AureliaMawar","Sandiaga Uno Tawarkan Pembaruan Kerja Sama Parekraf dengan Pemerintah Korsel, Apa Saja? https://t.co/6t6ohF0Us9","Sandiaga Uno Tawarkan Pembaruan Kerja Sama Parekraf dengan Pemerintah Korsel, Apa Saja? https://t.co/6t6ohF0Us9","2023-05-04 09:57:02","dlvr.it",0,0,"in","","original","",0,0,"",0,0,1351660896527872000,"https://pbs.twimg.com/profile_images/1365621484748636162/Kislgc4Y_normal.jpg",99759,76,249,"2021-01-19 17:40:58","For more updates on stories related to Indonesia in English, you can check Newsnow.","Jakarta Capital Region, Indone","",
53,1654098593245188098,"https://twitter.com/OkeBaliNews/statuses/1654098593245188098","https://twitter.com/OkeBaliNews/statuses/1654098593245188098","OkeBaliNews","Kemenparekraf Gandeng Emirates Kerja Sama Kembangkan Pemasaran Sektor Parekraf Indonesia @Kemenparekraf #Emirates https://t.co/uYvZWDRROT","Kemenparekraf Gandeng Emirates Kerja Sama Kembangkan Pemasaran Sektor Parekraf Indonesia @Kemenparekraf #Emirates https://t.co/uYvZWDRROT","2023-05-04 08:20:10","Twitter for Android",0,0,"in","","original","",0,0,"",0,0,1571721433214242818,"https://pbs.twimg.com/profile_images/1571721721711046656/Yd2CBgvn_normal.jpg",1302,144,4,"2022-09-19 00:43:08","Situs web Berita & Media","Bali, Indonesia","",
54,1654043217783042049,"https://twitter.com/wahananewsdotco/statuses/1654043217783042049","https://twitter.com/wahananewsdotco/statuses/1654043217783042049","wahananewsdotco","Sandiaga Ungkap Potensi Ekonomi Sektor Parekraf saat Mudik Lebaran Capai Rp335,3 Triliun #Pariwisata #Ekonomi #Wisatawan #Lebaran  https://t.co/fyrGGlWUDX","Sandiaga Ungkap Potensi Ekonomi Sektor Parekraf saat Mudik Lebaran Capai Rp335,3 Triliun #Pariwisata #Ekonomi #Wisatawan #Lebaran  https://t.co/fyrGGlWUDX","2023-05-04 04:40:08","dlvr.it",0,1,"in","","original","",0,0,"",0,0,1124517245722349568,"https://pbs.twimg.com/profile_images/1579406516917923840/PEUMFkrO_normal.jpg",51065,1904,4747,"2019-05-03 23:32:58","Akun Resmi Media Wahana News - Inspirasi Konsumen Indonesia","Jakarta","",
55,1654034383681241091,"https://twitter.com/WartaEkonomi/statuses/1654034383681241091","https://twitter.com/WartaEkonomi/statuses/1654034383681241091","WartaEkonomi","Kemenparekraf Gandeng Emirates Kerja Sama Kembangkan Pemasaran Sektor Parekraf Indonesia https://t.co/Jnwa6jNCwO","Kemenparekraf Gandeng Emirates Kerja Sama Kembangkan Pemasaran Sektor Parekraf Indonesia https://t.co/Jnwa6jNCwO","2023-05-04 04:05:02","Warta Ekonomi",0,0,"in","","original","",0,0,"",0,0,30617522,"https://pbs.twimg.com/profile_images/1432985761851207680/ZQIhLWlz_normal.jpg",452591,2220,33297,"2009-04-12 03:01:14","Official Twitter Account of Warta Ekonomi Magazine & Online | https://t.co/mHgbutZlEq | Contact : wartaekonominews@gmail.com","Jakarta, Indonesia","",
56,1654002923280519169,"https://twitter.com/Kemenparekraf/statuses/1654002923280519169","https://twitter.com/Kemenparekraf/statuses/1654002923280519169","Kemenparekraf","Siaran Pers: Menparekraf Ajak Pelaku Parekraf Perkuat Silaturahim Wujudkan Target Kinerja 2023 -- https://t.co/yl1MbiswzX","Siaran Pers: Menparekraf Ajak Pelaku Parekraf Perkuat Silaturahim Wujudkan Target Kinerja 2023 -- https://t.co/yl1MbiswzX","2023-05-04 02:00:01","TweetDeck Web App",4,0,"in","","original","",0,0,"",0,0,3259539990,"https://pbs.twimg.com/profile_images/1237893679701868548/3I8XNJjJ_normal.jpg",56410,426,261363,"2015-06-29 01:29:17","Akun Twitter Resmi Kementerian Pariwisata dan Ekonomi Kreatif/Badan Pariwisata dan Ekonomi Kreatif RI. Dikelola oleh Biro Komunikasi.","Jakarta Pusat, DKI Jakarta","",
57,1653990568509460480,"https://twitter.com/MuliaGinting06/statuses/1653990568509460480","https://twitter.com/MuliaGinting06/statuses/1653990568509460480","MuliaGinting06","Kemenparekraf Gandeng Emirates Kembangkan Pemasaran Parekraf Indonesia â€“ Jurnal IDN https://t.co/n14En4hSZP","Kemenparekraf Gandeng Emirates Kembangkan Pemasaran Parekraf Indonesia â€“ Jurnal IDN https://t.co/n14En4hSZP","2023-05-04 01:10:55","Twitter Web App",0,0,"in","","original","",0,0,"",0,0,1641072074054848512,"https://pbs.twimg.com/profile_images/1641084768677933056/poEXSyHB_normal.jpg",23,8,0,"2023-03-29 09:38:35","swasta","","",
58,1653970353679474688,"https://twitter.com/haloindonesia88/statuses/1653970353679474688","https://twitter.com/haloindonesia88/statuses/1653970353679474688","haloindonesia88","Jakarta, https://t.co/wKgHpxyppM - Menteri Pariwisata dan Ekonomi kreatif/Kepala Badan Pariwisata dan Ekonomi Kreatif (Menparekraf/Kabaparekraf) Sandiaga Salahuddin Uno mengungkapkan potensi ekonomi di sektor pariwisata dan ekonomi kreatif (parekraf)  https://t.co/8qDo9lTNC2 https://t.co/yi959jjtMq","Jakarta, https://t.co/wKgHpxyppM - Menteri Pariwisata dan Ekonomi kreatif/Kepala Badan Pariwisata dan Ekonomi Kreatif (Menparekraf/Kabaparekraf) Sandiaga Salahuddin Uno mengungkapkan potensi ekonomi di sektor pariwisata dan ekonomi kreatif (parekraf)  https://t.co/8qDo9lTNC2 https://t.co/yi959jjtMq","2023-05-03 23:50:36","Blog2Social APP",0,0,"in","","original","",0,0,"",0,0,917728330094280711,"https://pbs.twimg.com/profile_images/1322575993186394112/OajTFJJj_normal.jpg",7733,426,58,"2017-10-10 08:27:39","Aviation, Government,Tourism","Pulo Gadung, Indonesia","",
59,1653965429008896000,"https://twitter.com/BizlawIndonesia/statuses/1653965429008896000","https://twitter.com/BizlawIndonesia/statuses/1653965429008896000","BizlawIndonesia","Potensi Ekonomi Sektor Parekraf saat Mudik Lebaran Capai Rp335,3 Triliun https://t.co/jCQ8NiA0BB","Potensi Ekonomi Sektor Parekraf saat Mudik Lebaran Capai Rp335,3 Triliun https://t.co/jCQ8NiA0BB","2023-05-03 23:31:02","dlvr.it",0,0,"in","","original","",0,0,"",0,0,1084746011006750720,"https://pbs.twimg.com/profile_images/1084750385502248960/_CsTMukX_normal.jpg",34796,9,93,"2019-01-14 04:36:17","Portal Informasi Hukum","Portal Informasi Berita Hukum dan Ekonomi Indonesia","",
60,1653961158695743489,"https://twitter.com/OLannister550/statuses/1653961158695743489","https://twitter.com/OLannister550/statuses/1653961158695743489","OLannister550","@dhiidit @CNNIndonesia Wewenang Menkeu netapin tarif BLU diatur di pasal 9 PP 74/2012, terutama di ayat 8. Badan Pelaksana Otorita Borobodur sendiri adlh BLU di bawah Kementerian Parekraf. Jd mekanismenya, Menparekraf usulin tarif ke Menkeu, &amp; Menkeu lalu terbitin ketetapan soal tarif bila sdh sepakat https://t.co/nunvAkzy2o","@dhiidit @CNNIndonesia Wewenang Menkeu netapin tarif BLU diatur di pasal 9 PP 74/2012, terutama di ayat 8. Badan Pelaksana Otorita Borobodur sendiri adlh BLU di bawah Kementerian Parekraf. Jd mekanismenya, Menparekraf usulin tarif ke Menkeu, &amp; Menkeu lalu terbitin ketetapan soal tarif bila sdh sepakat https://t.co/nunvAkzy2o","2023-05-03 23:14:04","Twitter for Android",0,0,"in","","reply","dhiidit",137672426,1653822375149072384,"",0,0,1584520237713457152,"https://pbs.twimg.com/profile_images/1655868449384726534/tPGbOcp2_normal.jpg",712,50,11,"2022-10-24 08:20:46","Male (he/him). Anime/Manga/Manhwa/Genshin/Japanese LN enthusiast. Enjoy discussing history, economics, and politics (both local and international)","","",
61,1653772443759132674,"https://twitter.com/OfficialiNewsTV/statuses/1653772443759132674","https://twitter.com/OfficialiNewsTV/statuses/1653772443759132674","OfficialiNewsTV","Sandiaga Ajak Pelaku Parekraf Perkuat Silaturahim untuk Tingkatkan Kinerja    https://t.co/S5LVo7v9tE","Sandiaga Ajak Pelaku Parekraf Perkuat Silaturahim untuk Tingkatkan Kinerja    https://t.co/S5LVo7v9tE","2023-05-03 10:44:10","TweetDeck",1,0,"in","","original","",0,0,"",0,0,132078023,"https://pbs.twimg.com/profile_images/1636704614966874114/90wa1guQ_normal.jpg",136777,4,430342,"2010-04-12 02:26:10","Akun resmi Official iNews   TikTok: OfficialiNews Facebook: iNews Instagram: officialinewstv Youtube: Official iNews","iNews Tower","",
62,1653749589936324608,"https://twitter.com/SINDOnews/statuses/1653749589936324608","https://twitter.com/SINDOnews/statuses/1653749589936324608","SINDOnews","Menparekraf: Potensi Ekonomi Sektor Parekraf saat Mudik Lebaran Tembus Rp335,3 Triliun   #beritaterkini #bukanberitabiasa #sindonews #news .https://t.co/LNOn3HB1vh","Menparekraf: Potensi Ekonomi Sektor Parekraf saat Mudik Lebaran Tembus Rp335,3 Triliun   #beritaterkini #bukanberitabiasa #sindonews #news .https://t.co/LNOn3HB1vh","2023-05-03 09:13:22","SINDOnews",0,1,"in","","original","",0,0,"",0,0,231355136,"https://pbs.twimg.com/profile_images/1579683726073556992/xXCpQ06X_normal.jpg",1064085,181,401553,"2010-12-28 03:22:15","Official Twitter account of https://t.co/9zRoRiNd7U, MNC Media Group.","Jakarta Pusat, DKI Jakarta","",
63,1653726595771940865,"https://twitter.com/Lintas_MNCTV/statuses/1653726595771940865","https://twitter.com/Lintas_MNCTV/statuses/1653726595771940865","Lintas_MNCTV","Target Kinerja 2023 Meningkat, Sandiaga Ajak Pelaku Parekraf Perkuat Silaturahim  https://t.co/ScgPSvxSOz","Target Kinerja 2023 Meningkat, Sandiaga Ajak Pelaku Parekraf Perkuat Silaturahim  https://t.co/ScgPSvxSOz","2023-05-03 07:41:59","TweetDeck Web App",0,0,"in","","original","",0,0,"",0,0,61377303,"https://pbs.twimg.com/profile_images/1082191771738624000/IdS5VWtg_normal.jpg",212765,8,36268,"2009-07-29 23:22:52","Berita bercerita menyampaikan fakta apa adanya, tanpa rekayasa. Informasi mengenai kegiatan dan liputan News MNCTV.","Indonesia","",
64,1653725350596337670,"https://twitter.com/OkeBaliNews/statuses/1653725350596337670","https://twitter.com/OkeBaliNews/statuses/1653725350596337670","OkeBaliNews","Menparekraf: Potensi Ekonomi Sektor Parekraf saat Mudik Lebaran Capai Rp335,3 Triliun @Kemenparekraf https://t.co/JS3a8POBQ7","Menparekraf: Potensi Ekonomi Sektor Parekraf saat Mudik Lebaran Capai Rp335,3 Triliun @Kemenparekraf https://t.co/JS3a8POBQ7","2023-05-03 07:37:02","Twitter for Android",0,0,"in","","original","",0,0,"",0,0,1571721433214242818,"https://pbs.twimg.com/profile_images/1571721721711046656/Yd2CBgvn_normal.jpg",1302,144,4,"2022-09-19 00:43:08","Situs web Berita & Media","Bali, Indonesia","",
65,1653695892598452224,"https://twitter.com/Kemenparekraf/statuses/1653695892598452224","https://twitter.com/Kemenparekraf/statuses/1653695892598452224","Kemenparekraf","Pelaku pariwisata, kreatif dan UMKM lainnya pun turut dilibatkan dalam menyukseskan acara ini sehingga menjadi langkah membangkitkan ekonomi pada sektor parekraf, dan berpeluang menciptakan lebih banyak lapangan kerja! ğŸ”¥ https://t.co/jvjetCWkkd","Pelaku pariwisata, kreatif dan UMKM lainnya pun turut dilibatkan dalam menyukseskan acara ini sehingga menjadi langkah membangkitkan ekonomi pada sektor parekraf, dan berpeluang menciptakan lebih banyak lapangan kerja! ğŸ”¥ https://t.co/jvjetCWkkd","2023-05-03 05:39:59","Twitter for iPhone",1,1,"in","","reply","Kemenparekraf",3259539990,1653695495867629568,"",0,0,3259539990,"https://pbs.twimg.com/profile_images/1237893679701868548/3I8XNJjJ_normal.jpg",56410,426,261363,"2015-06-29 01:29:17","Akun Twitter Resmi Kementerian Pariwisata dan Ekonomi Kreatif/Badan Pariwisata dan Ekonomi Kreatif RI. Dikelola oleh Biro Komunikasi.","Jakarta Pusat, DKI Jakarta","",
66,1653682059884507136,"https://twitter.com/WartaEkonomi/statuses/1653682059884507136","https://twitter.com/WartaEkonomi/statuses/1653682059884507136","WartaEkonomi","Sandiaga Uno Ajak Pelaku Parekraf Perkuat Silaturahmi Wujudkan Target Kinerja 2023 https://t.co/cS8W4SspmZ","Sandiaga Uno Ajak Pelaku Parekraf Perkuat Silaturahmi Wujudkan Target Kinerja 2023 https://t.co/cS8W4SspmZ","2023-05-03 04:45:01","Warta Ekonomi",0,0,"in","","original","",0,0,"",0,0,30617522,"https://pbs.twimg.com/profile_images/1432985761851207680/ZQIhLWlz_normal.jpg",452591,2220,33297,"2009-04-12 03:01:14","Official Twitter Account of Warta Ekonomi Magazine & Online | https://t.co/mHgbutZlEq | Contact : wartaekonominews@gmail.com","Jakarta, Indonesia","",
67,1653677096210927616,"https://twitter.com/Kemenparekraf/statuses/1653677096210927616","https://twitter.com/Kemenparekraf/statuses/1653677096210927616","Kemenparekraf","Hai Sobat Perempuan Parekraf,   Untuk memperingati Hari Kartini Tahun 2023, Kemenparekraf akan menggelar talk show bersama para perempuan hebat di lingkungan Kemenparekraf dengan mengusung semangat â€œPerempuan Berdaya Penggerak Ekonomi Bangsaâ€. https://t.co/AWrjtGnlUL","Hai Sobat Perempuan Parekraf,   Untuk memperingati Hari Kartini Tahun 2023, Kemenparekraf akan menggelar talk show bersama para perempuan hebat di lingkungan Kemenparekraf dengan mengusung semangat â€œPerempuan Berdaya Penggerak Ekonomi Bangsaâ€. https://t.co/AWrjtGnlUL","2023-05-03 04:25:18","Twitter for iPhone",6,0,"in","","original","",0,0,"",0,0,3259539990,"https://pbs.twimg.com/profile_images/1237893679701868548/3I8XNJjJ_normal.jpg",56410,426,261363,"2015-06-29 01:29:17","Akun Twitter Resmi Kementerian Pariwisata dan Ekonomi Kreatif/Badan Pariwisata dan Ekonomi Kreatif RI. Dikelola oleh Biro Komunikasi.","Jakarta Pusat, DKI Jakarta","",
68,1653670546142375937,"https://twitter.com/haloindonesia88/statuses/1653670546142375937","https://twitter.com/haloindonesia88/statuses/1653670546142375937","haloindonesia88","Jakarta, https://t.co/wKgHpxyppM - Menteri Pariwisata dan Ekonomi Kreatif/Kepala Badan Pariwisata dan Ekonomi Kreatif (Menparekraf/Kabaparekraf) Sandiaga Salahuddin Uno mengajak seluruh insan pariwisata dan ekonomi kreatif (parekraf)  https://t.co/MLTjz5YPhV https://t.co/7Eg9nrP8wi","Jakarta, https://t.co/wKgHpxyppM - Menteri Pariwisata dan Ekonomi Kreatif/Kepala Badan Pariwisata dan Ekonomi Kreatif (Menparekraf/Kabaparekraf) Sandiaga Salahuddin Uno mengajak seluruh insan pariwisata dan ekonomi kreatif (parekraf)  https://t.co/MLTjz5YPhV https://t.co/7Eg9nrP8wi","2023-05-03 03:59:16","Blog2Social APP",0,0,"in","","original","",0,0,"",0,0,917728330094280711,"https://pbs.twimg.com/profile_images/1322575993186394112/OajTFJJj_normal.jpg",7733,426,58,"2017-10-10 08:27:39","Aviation, Government,Tourism","Pulo Gadung, Indonesia","",
69,1653641676374831105,"https://twitter.com/Fortune_IDN/statuses/1653641676374831105","https://twitter.com/Fortune_IDN/statuses/1653641676374831105","Fortune_IDN","Kolaborasi Sektor Parekraf Dukung KTT ASEAN 2023 di Labuan Bajo https://t.co/Ehfpi99jJc","Kolaborasi Sektor Parekraf Dukung KTT ASEAN 2023 di Labuan Bajo https://t.co/Ehfpi99jJc","2023-05-03 02:04:33","dlvr.it",0,0,"in","","original","",0,0,"",0,0,1380017096390676483,"https://pbs.twimg.com/profile_images/1417869670795776002/KHIK5HVC_normal.jpg",20332,21,285,"2021-04-08 00:38:26","The Leading Multi-Platform Business-Media for C-Suite and Business Decision Maker in Indonesia | Part of IDN Media","","",
70,1653597290018508800,"https://twitter.com/InayaNisha/statuses/1653597290018508800","https://twitter.com/InayaNisha/statuses/1653597290018508800","InayaNisha","@3lzh4s dengan adanya UU Cipta Kerja tentunya Mampu Genjot Parekraf di Bali #KPK_RI","@3lzh4s dengan adanya UU Cipta Kerja tentunya Mampu Genjot Parekraf di Bali #KPK_RI","2023-05-02 23:08:10","Twitter for Android",0,0,"in","","reply","3lzh4s",1264767916370608129,1653574768808071168,"",0,0,1487266384199360513,"https://pbs.twimg.com/profile_images/1487266606749458434/_Y6tbTUI_normal.jpg",520,6,0,"2022-01-28 22:28:43","cinta Allah","","",
71,1653532942755561472,"https://twitter.com/theiconomic/statuses/1653532942755561472","https://twitter.com/theiconomic/statuses/1653532942755561472","theiconomic","Libur lebaran diharapkan dapat mendongkrak sektor pariwisata dan ekonomi kreatif. Aliran uang yang dibelanjakan masyarakat selama libur lebaran akan memacu perekonomian di daerah.  Selengkapnya https://t.co/RhhJSG4zdl","Libur lebaran diharapkan dapat mendongkrak sektor pariwisata dan ekonomi kreatif. Aliran uang yang dibelanjakan masyarakat selama libur lebaran akan memacu perekonomian di daerah.  Selengkapnya https://t.co/RhhJSG4zdl","2023-05-02 18:52:29","Twitter Web App",0,0,"in","","original","",0,0,"",0,0,1169861863426818048,"https://pbs.twimg.com/profile_images/1556852885744685056/7_H2wVjZ_normal.jpg",14326,39,1810,"2019-09-06 02:36:25","LEADING DISRUPTION ECONOMY https://t.co/0uPA0sxts9","Jakarta","",
72,1653469161677553664,"https://twitter.com/PutriMendy1/statuses/1653469161677553664","https://twitter.com/PutriMendy1/statuses/1653469161677553664","PutriMendy1","Kemudian, posisi   kedua disusul oleh Menteri Pariwisata dan Ekonomi Kreatif   (Parekraf), Sandiaga Uno, dengan angka 14,2 persen.  #BersamaJuara   #RKJuara","Kemudian, posisi   kedua disusul oleh Menteri Pariwisata dan Ekonomi Kreatif   (Parekraf), Sandiaga Uno, dengan angka 14,2 persen.  #BersamaJuara   #RKJuara","2023-05-02 14:39:02","Twitter Web App",0,0,"in","","reply","PutriMendy1",310443265,1653469155662917632,"",0,0,310443265,"https://pbs.twimg.com/profile_images/1379245277819805699/c-NmqThW_normal.jpg",3413,143,125,"2011-06-03 15:16:21","Cantik itu Hobby","","",
73,1653469145768546304,"https://twitter.com/H3Anisa_/statuses/1653469145768546304","https://twitter.com/H3Anisa_/statuses/1653469145768546304","H3Anisa_","Kemudian, posisi   kedua disusul oleh Menteri Pariwisata dan Ekonomi Kreatif   (Parekraf), Sandiaga Uno, dengan angka 14,2 persen.  #BersamaJuara   #RKJuara","Kemudian, posisi   kedua disusul oleh Menteri Pariwisata dan Ekonomi Kreatif   (Parekraf), Sandiaga Uno, dengan angka 14,2 persen.  #BersamaJuara   #RKJuara","2023-05-02 14:38:58","Twitter Web App",0,0,"in","","reply","H3Anisa_",323378252,1653469141012205568,"",0,0,323378252,"https://pbs.twimg.com/profile_images/1500746197/tumblr_laynhybsqZ1qb3045o1_500_normal.png",3557,223,94,"2011-06-24 14:38:30","","","",
74,1653469133147885569,"https://twitter.com/fitriani_hsb/statuses/1653469133147885569","https://twitter.com/fitriani_hsb/statuses/1653469133147885569","fitriani_hsb","Kemudian, posisi   kedua disusul oleh Menteri Pariwisata dan Ekonomi Kreatif   (Parekraf), Sandiaga Uno, dengan angka 14,2 persen.  #BersamaJuara   #RKJuara","Kemudian, posisi   kedua disusul oleh Menteri Pariwisata dan Ekonomi Kreatif   (Parekraf), Sandiaga Uno, dengan angka 14,2 persen.  #BersamaJuara   #RKJuara","2023-05-02 14:38:55","Twitter Web App",0,0,"in","","reply","fitriani_hsb",1232966340,1653469127816941568,"",0,0,1232966340,"https://pbs.twimg.com/profile_images/437546672457916416/VltC7QUH_normal.jpeg",3999,381,144,"2013-03-02 00:16:40","akbid hafsyah medan, muslim,","","",
75,1653469117293420544,"https://twitter.com/PemudaPejuang_/statuses/1653469117293420544","https://twitter.com/PemudaPejuang_/statuses/1653469117293420544","PemudaPejuang_","Kemudian, posisi   kedua disusul oleh Menteri Pariwisata dan Ekonomi Kreatif   (Parekraf), Sandiaga Uno, dengan angka 14,2 persen.  #BersamaJuara   #RKJuara","Kemudian, posisi   kedua disusul oleh Menteri Pariwisata dan Ekonomi Kreatif   (Parekraf), Sandiaga Uno, dengan angka 14,2 persen.  #BersamaJuara   #RKJuara","2023-05-02 14:38:52","Twitter Web App",0,0,"in","","reply","PemudaPejuang_",334080611,1653469112071495682,"",0,0,334080611,"https://pbs.twimg.com/profile_images/1590722671180124162/fXq7SRdo_normal.jpg",4115,309,135,"2011-07-12 11:05:49","","","",
76,1653469106564366337,"https://twitter.com/fawahida/statuses/1653469106564366337","https://twitter.com/fawahida/statuses/1653469106564366337","fawahida","Kemudian, posisi   kedua disusul oleh Menteri Pariwisata dan Ekonomi Kreatif   (Parekraf), Sandiaga Uno, dengan angka 14,2 persen.  #BersamaJuara   #RKJuara","Kemudian, posisi   kedua disusul oleh Menteri Pariwisata dan Ekonomi Kreatif   (Parekraf), Sandiaga Uno, dengan angka 14,2 persen.  #BersamaJuara   #RKJuara","2023-05-02 14:38:49","Twitter Web App",0,0,"in","","reply","fawahida",931437350,1653469101329899523,"",0,0,931437350,"https://pbs.twimg.com/profile_images/378800000551175649/4c8958dacf1f6a5679eaafa3cf56e095_normal.jpeg",8193,139,98,"2012-11-07 02:00:15","Crush, You don\'t know how much it hurts when you ignore me."," sepet Î”","",
77,1653469084686897152,"https://twitter.com/Hasmbohlah22/statuses/1653469084686897152","https://twitter.com/Hasmbohlah22/statuses/1653469084686897152","Hasmbohlah22","Kemudian, posisi   kedua disusul oleh Menteri Pariwisata dan Ekonomi Kreatif   (Parekraf), Sandiaga Uno, dengan angka 14,2 persen.  #BersamaJuara   #RKJuara","Kemudian, posisi   kedua disusul oleh Menteri Pariwisata dan Ekonomi Kreatif   (Parekraf), Sandiaga Uno, dengan angka 14,2 persen.  #BersamaJuara   #RKJuara","2023-05-02 14:38:44","Twitter Web App",0,0,"in","","reply","Hasmbohlah22",1393560820114616325,1653469080870076416,"",0,0,1393560820114616325,"https://pbs.twimg.com/profile_images/1431934393522667521/pKAJ0Plj_normal.jpg",2404,53,24,"2021-05-15 09:36:19","Tetap jadi biasa","","",
78,1653459525490573312,"https://twitter.com/geraicemilan/statuses/1653459525490573312","https://twitter.com/geraicemilan/statuses/1653459525490573312","geraicemilan","Kemudian, posisi   kedua disusul oleh Menteri Pariwisata dan Ekonomi Kreatif   (Parekraf), Sandiaga Uno, dengan angka 14,2 persen.  #BersamaJuara   #RKJuara","Kemudian, posisi   kedua disusul oleh Menteri Pariwisata dan Ekonomi Kreatif   (Parekraf), Sandiaga Uno, dengan angka 14,2 persen.  #BersamaJuara   #RKJuara","2023-05-02 14:00:45","Twitter Web App",0,0,"in","","reply","geraicemilan",1611430722,1653459519404670982,"",0,0,1611430722,"https://pbs.twimg.com/profile_images/471588044852572160/YHx065MM_normal.png",3903,1479,293,"2013-07-21 18:12:17","Jualan beragam cemilan khas dari berbagai daerah di Indonesia.","Depok, Jawa Barat","",
79,1653459506482024448,"https://twitter.com/bayuubaskoroo/statuses/1653459506482024448","https://twitter.com/bayuubaskoroo/statuses/1653459506482024448","bayuubaskoroo","Kemudian, posisi   kedua disusul oleh Menteri Pariwisata dan Ekonomi Kreatif   (Parekraf), Sandiaga Uno, dengan angka 14,2 persen.  #BersamaJuara   #RKJuara","Kemudian, posisi   kedua disusul oleh Menteri Pariwisata dan Ekonomi Kreatif   (Parekraf), Sandiaga Uno, dengan angka 14,2 persen.  #BersamaJuara   #RKJuara","2023-05-02 14:00:40","Twitter Web App",0,0,"in","","reply","bayuubaskoroo",176020355,1653459500605788161,"",0,0,176020355,"https://pbs.twimg.com/profile_images/378800000179466820/dc142fc5c53358a871a0869fcf3909b4_normal.jpeg",9134,175,241,"2010-08-08 05:12:11","","","",
80,1653459500664500225,"https://twitter.com/ermaputri59/statuses/1653459500664500225","https://twitter.com/ermaputri59/statuses/1653459500664500225","ermaputri59","Kemudian, posisi   kedua disusul oleh Menteri Pariwisata dan Ekonomi Kreatif   (Parekraf), Sandiaga Uno, dengan angka 14,2 persen.  #BersamaJuara   #RKJuara","Kemudian, posisi   kedua disusul oleh Menteri Pariwisata dan Ekonomi Kreatif   (Parekraf), Sandiaga Uno, dengan angka 14,2 persen.  #BersamaJuara   #RKJuara","2023-05-02 14:00:39","Twitter Web App",0,0,"in","","reply","ermaputri59",1338007584,1653459494066876417,"",0,0,1338007584,"https://pbs.twimg.com/profile_images/660758081236656128/ON7USPK0_normal.jpg",3982,180,123,"2013-04-08 21:22:43","","","",
81,1653459484730335232,"https://twitter.com/BetraPratama/statuses/1653459484730335232","https://twitter.com/BetraPratama/statuses/1653459484730335232","BetraPratama","Kemudian, posisi   kedua disusul oleh Menteri Pariwisata dan Ekonomi Kreatif   (Parekraf), Sandiaga Uno, dengan angka 14,2 persen.  #BersamaJuara   #RKJuara","Kemudian, posisi   kedua disusul oleh Menteri Pariwisata dan Ekonomi Kreatif   (Parekraf), Sandiaga Uno, dengan angka 14,2 persen.  #BersamaJuara   #RKJuara","2023-05-02 14:00:35","Twitter Web App",0,0,"in","","reply","BetraPratama",1070448834,1653459478254333953,"",0,0,1070448834,"https://pbs.twimg.com/profile_images/378800000536892029/e53029bcb3674303c766ae0280819b08_normal.jpeg",3987,486,219,"2013-01-08 04:38:55","","Pangkalpinang","",
82,1653459468318023680,"https://twitter.com/AzzahraMasyitah/statuses/1653459468318023680","https://twitter.com/AzzahraMasyitah/statuses/1653459468318023680","AzzahraMasyitah","Kemudian, posisi   kedua disusul oleh Menteri Pariwisata dan Ekonomi Kreatif   (Parekraf), Sandiaga Uno, dengan angka 14,2 persen.  #BersamaJuara   #RKJuara","Kemudian, posisi   kedua disusul oleh Menteri Pariwisata dan Ekonomi Kreatif   (Parekraf), Sandiaga Uno, dengan angka 14,2 persen.  #BersamaJuara   #RKJuara","2023-05-02 14:00:31","Twitter Web App",0,0,"in","","reply","AzzahraMasyitah",2955290726,1653459463179997186,"",0,0,2955290726,"https://pbs.twimg.com/profile_images/857804827941781504/_p2LxiVS_normal.jpg",4031,444,153,"2015-01-01 16:30:57","Jangan terbuai","SouthBorneo, Indonesia","",
83,1653459459237367809,"https://twitter.com/FittiBahansubu/statuses/1653459459237367809","https://twitter.com/FittiBahansubu/statuses/1653459459237367809","FittiBahansubu","Kemudian, posisi   kedua disusul oleh Menteri Pariwisata dan Ekonomi Kreatif   (Parekraf), Sandiaga Uno, dengan angka 14,2 persen.  #BersamaJuara   #RKJuara","Kemudian, posisi   kedua disusul oleh Menteri Pariwisata dan Ekonomi Kreatif   (Parekraf), Sandiaga Uno, dengan angka 14,2 persen.  #BersamaJuara   #RKJuara","2023-05-02 14:00:29","Twitter Web App",0,0,"in","","reply","FittiBahansubu",922918992,1653459454510370817,"",0,0,922918992,"https://pbs.twimg.com/profile_images/533243939084836865/P9RtX9Fr_normal.jpeg",3955,104,116,"2012-11-03 06:37:58","","Kotamobagu, sulawesi utara","",
84,1653439596733304832,"https://twitter.com/ihdanziga/statuses/1653439596733304832","https://twitter.com/ihdanziga/statuses/1653439596733304832","ihdanziga","Kemudian, posisi kedua disusul oleh Menteri Pariwisata dan Ekonomi Kreatif (Parekraf), Sandiaga Uno, dengan angka 14,2 persen. Posisi ketiga, diisi oleh Ketua Umum Partai Demokrat Agus Harimurti Yudhoyono (AHY) dengan angka 12,4 persen. #BersamaJuara #RidwanKamil","Kemudian, posisi kedua disusul oleh Menteri Pariwisata dan Ekonomi Kreatif (Parekraf), Sandiaga Uno, dengan angka 14,2 persen. Posisi ketiga, diisi oleh Ketua Umum Partai Demokrat Agus Harimurti Yudhoyono (AHY) dengan angka 12,4 persen. #BersamaJuara #RidwanKamil","2023-05-02 12:41:33","Twitter Web App",0,0,"in","","reply","ihdanziga",3149579275,1653439594191523845,"",0,0,3149579275,"https://pbs.twimg.com/profile_images/1590618373330960384/_C8GCSGf_normal.jpg",1796,478,105,"2015-04-11 05:44:34","","","",
85,1653431264849035264,"https://twitter.com/yesy_febriyati/statuses/1653431264849035264","https://twitter.com/yesy_febriyati/statuses/1653431264849035264","yesy_febriyati","Kemudian, posisi kedua disusul oleh Menteri Pariwisata dan Ekonomi Kreatif (Parekraf), Sandiaga Uno, dengan angka 14,2 persen. Posisi ketiga, diisi oleh Ketua Umum Partai Demokrat Agus Harimurti Yudhoyono (AHY) dengan angka 12,4 persen. #BersamaJuara #RidwanKamil","Kemudian, posisi kedua disusul oleh Menteri Pariwisata dan Ekonomi Kreatif (Parekraf), Sandiaga Uno, dengan angka 14,2 persen. Posisi ketiga, diisi oleh Ketua Umum Partai Demokrat Agus Harimurti Yudhoyono (AHY) dengan angka 12,4 persen. #BersamaJuara #RidwanKamil","2023-05-02 12:08:27","Twitter Web App",0,0,"in","","reply","yesy_febriyati",3007759064,1653431261351022593,"",0,0,3007759064,"https://pbs.twimg.com/profile_images/1552523216102780928/v2oH2MPk_normal.jpg",1881,416,149,"2015-02-02 04:14:46","","","",
86,1653431258243031041,"https://twitter.com/aku_penggembira/statuses/1653431258243031041","https://twitter.com/aku_penggembira/statuses/1653431258243031041","aku_penggembira","Kemudian, posisi kedua disusul oleh Menteri Pariwisata dan Ekonomi Kreatif (Parekraf), Sandiaga Uno, dengan angka 14,2 persen. Posisi ketiga, diisi oleh Ketua Umum Partai Demokrat Agus Harimurti Yudhoyono (AHY) dengan angka 12,4 persen. #BersamaJuara #RidwanKamil","Kemudian, posisi kedua disusul oleh Menteri Pariwisata dan Ekonomi Kreatif (Parekraf), Sandiaga Uno, dengan angka 14,2 persen. Posisi ketiga, diisi oleh Ketua Umum Partai Demokrat Agus Harimurti Yudhoyono (AHY) dengan angka 12,4 persen. #BersamaJuara #RidwanKamil","2023-05-02 12:08:25","Twitter Web App",0,0,"in","","reply","aku_penggembira",2382407341,1653431250135437314,"",0,0,2382407341,"https://pbs.twimg.com/profile_images/1599205626793426944/Qlod_8Al_normal.jpg",2123,514,129,"2014-03-10 12:49:51","Masa lalu diperbolehkan mengintip saja","","",
87,1653406036454408192,"https://twitter.com/pilihyangbaik/statuses/1653406036454408192","https://twitter.com/pilihyangbaik/statuses/1653406036454408192","pilihyangbaik","Kemudian, posisi kedua disusul oleh Menteri Pariwisata dan Ekonomi Kreatif (Parekraf),Â Sandiaga Uno, dengan angka 14,2 persen. Posisi ketiga, diisi oleh Ketua Umum Partai Demokrat Agus Harimurti Yudhoyono (AHY) dengan angka 12,4 persen. #BersamaJuara #RidwanKamil","Kemudian, posisi kedua disusul oleh Menteri Pariwisata dan Ekonomi Kreatif (Parekraf),Â Sandiaga Uno, dengan angka 14,2 persen. Posisi ketiga, diisi oleh Ketua Umum Partai Demokrat Agus Harimurti Yudhoyono (AHY) dengan angka 12,4 persen. #BersamaJuara #RidwanKamil","2023-05-02 10:28:12","Twitter Web App",0,0,"in","","reply","pilihyangbaik",1855732646,1653406032708931584,"",0,0,1855732646,"https://pbs.twimg.com/profile_images/1107451253766782976/J6rBwHB0_normal.jpg",1591,34,19,"2013-09-11 19:36:10","architechture wannabe","","",
88,1653406020100845570,"https://twitter.com/CHECKinBANDUNG/statuses/1653406020100845570","https://twitter.com/CHECKinBANDUNG/statuses/1653406020100845570","CHECKinBANDUNG","Kemudian, posisi kedua disusul oleh Menteri Pariwisata dan Ekonomi Kreatif (Parekraf),Â Sandiaga Uno, dengan angka 14,2 persen. Posisi ketiga, diisi oleh Ketua Umum Partai Demokrat Agus Harimurti Yudhoyono (AHY) dengan angka 12,4 persen. #BersamaJuara #RidwanKamil","Kemudian, posisi kedua disusul oleh Menteri Pariwisata dan Ekonomi Kreatif (Parekraf),Â Sandiaga Uno, dengan angka 14,2 persen. Posisi ketiga, diisi oleh Ketua Umum Partai Demokrat Agus Harimurti Yudhoyono (AHY) dengan angka 12,4 persen. #BersamaJuara #RidwanKamil","2023-05-02 10:28:08","Twitter Web App",0,0,"in","","reply","CHECKinBANDUNG",1304610764,1653406016544075778,"",0,0,1304610764,"https://pbs.twimg.com/profile_images/3435385012/6c92d2bac281ed71c60ba1e4353c5e91_normal.jpeg",1814,40,30,"2013-03-26 11:50:42","","","",
89,1653395904458784773,"https://twitter.com/kiky_azza/statuses/1653395904458784773","https://twitter.com/kiky_azza/statuses/1653395904458784773","kiky_azza","Kemudian, posisi kedua disusul oleh Menteri Pariwisata dan Ekonomi Kreatif (Parekraf),Â Sandiaga Uno, dengan angka 14,2 persen. Posisi ketiga, diisi oleh Ketua Umum Partai Demokrat Agus Harimurti Yudhoyono (AHY) dengan angka 12,4 persen. #BersamaJuara #RidwanKamil","Kemudian, posisi kedua disusul oleh Menteri Pariwisata dan Ekonomi Kreatif (Parekraf),Â Sandiaga Uno, dengan angka 14,2 persen. Posisi ketiga, diisi oleh Ketua Umum Partai Demokrat Agus Harimurti Yudhoyono (AHY) dengan angka 12,4 persen. #BersamaJuara #RidwanKamil","2023-05-02 09:47:56","Twitter Web App",0,0,"in","","reply","kiky_azza",2356344883,1653395900717465601,"",0,0,2356344883,"https://pbs.twimg.com/profile_images/451309821334003712/zO26eJ0o_normal.jpeg",1869,73,71,"2014-02-22 08:16:57",""," ","",
90,1653395892559552517,"https://twitter.com/AbrarHakim1/statuses/1653395892559552517","https://twitter.com/AbrarHakim1/statuses/1653395892559552517","AbrarHakim1","Kemudian, posisi kedua disusul oleh Menteri Pariwisata dan Ekonomi Kreatif (Parekraf),Â Sandiaga Uno, dengan angka 14,2 persen. Posisi ketiga, diisi oleh Ketua Umum Partai Demokrat Agus Harimurti Yudhoyono (AHY) dengan angka 12,4 persen. #BersamaJuara #RidwanKamil","Kemudian, posisi kedua disusul oleh Menteri Pariwisata dan Ekonomi Kreatif (Parekraf),Â Sandiaga Uno, dengan angka 14,2 persen. Posisi ketiga, diisi oleh Ketua Umum Partai Demokrat Agus Harimurti Yudhoyono (AHY) dengan angka 12,4 persen. #BersamaJuara #RidwanKamil","2023-05-02 09:47:54","Twitter Web App",0,0,"in","","reply","AbrarHakim1",1336538450216902656,1653395888986034176,"",0,0,1336538450216902656,"https://pbs.twimg.com/profile_images/1336539316101632000/H8JgnOJ6_normal.jpg",1991,126,24,"2020-12-09 00:12:47","Tertawa secukupnya, senyum secukupnya","","",
91,1653386976035487755,"https://twitter.com/abielandieka/statuses/1653386976035487755","https://twitter.com/abielandieka/statuses/1653386976035487755","abielandieka","Kemudian, posisi kedua disusul oleh Menteri Pariwisata dan Ekonomi Kreatif (Parekraf),Â Sandiaga Uno, dengan angka 14,2 persen. Posisi ketiga, diisi oleh Ketua Umum Partai Demokrat Agus Harimurti Yudhoyono (AHY) dengan angka 12,4 persen. #BersamaJuara #RidwanKamil","Kemudian, posisi kedua disusul oleh Menteri Pariwisata dan Ekonomi Kreatif (Parekraf),Â Sandiaga Uno, dengan angka 14,2 persen. Posisi ketiga, diisi oleh Ketua Umum Partai Demokrat Agus Harimurti Yudhoyono (AHY) dengan angka 12,4 persen. #BersamaJuara #RidwanKamil","2023-05-02 09:12:28","Twitter Web App",0,0,"in","","reply","abielandieka",1855692294,1653386970138312704,"",0,0,1855692294,"https://pbs.twimg.com/profile_images/1241590904785260544/OA2kFeJ6_normal.jpg",1960,62,30,"2013-09-11 19:34:20","Dapur tempat paling eksotik dan kreatif","Bandung, Jawa Barat","",
92,1653386960843718656,"https://twitter.com/khusnul_alovers/statuses/1653386960843718656","https://twitter.com/khusnul_alovers/statuses/1653386960843718656","khusnul_alovers","Kemudian, posisi kedua disusul oleh Menteri Pariwisata dan Ekonomi Kreatif (Parekraf),Â Sandiaga Uno, dengan angka 14,2 persen. Posisi ketiga, diisi oleh Ketua Umum Partai Demokrat Agus Harimurti Yudhoyono (AHY) dengan angka 12,4 persen. #BersamaJuara #RidwanKamil","Kemudian, posisi kedua disusul oleh Menteri Pariwisata dan Ekonomi Kreatif (Parekraf),Â Sandiaga Uno, dengan angka 14,2 persen. Posisi ketiga, diisi oleh Ketua Umum Partai Demokrat Agus Harimurti Yudhoyono (AHY) dengan angka 12,4 persen. #BersamaJuara #RidwanKamil","2023-05-02 09:12:24","Twitter Web App",0,0,"in","","reply","khusnul_alovers",388171231,1653386955235930112,"",0,0,388171231,"https://pbs.twimg.com/profile_images/686741243645177856/dbWNFkU9_normal.jpg",5936,171,367,"2011-10-10 05:32:34","âœˆ","","",
93,1653381158858801155,"https://twitter.com/quinsha_c/statuses/1653381158858801155","https://twitter.com/quinsha_c/statuses/1653381158858801155","quinsha_c","Kemudian, posisi kedua disusul oleh Menteri Pariwisata dan Ekonomi Kreatif (Parekraf),Â Sandiaga Uno, dengan angka 14,2 persen. Posisi ketiga, diisi oleh Ketua Umum Partai Demokrat Agus Harimurti Yudhoyono (AHY) dengan angka 12,4 persen. #BersamaJuara #RidwanKamil","Kemudian, posisi kedua disusul oleh Menteri Pariwisata dan Ekonomi Kreatif (Parekraf),Â Sandiaga Uno, dengan angka 14,2 persen. Posisi ketiga, diisi oleh Ketua Umum Partai Demokrat Agus Harimurti Yudhoyono (AHY) dengan angka 12,4 persen. #BersamaJuara #RidwanKamil","2023-05-02 08:49:21","Twitter Web App",0,0,"in","","reply","quinsha_c",1586538746,1653381156610654208,"",0,0,1586538746,"https://pbs.twimg.com/profile_images/1591606679636185088/21EKrGWh_normal.jpg",1947,150,134,"2013-07-11 14:45:44","jangan kepo deh","Di dalam Roket","",
94,1653381150608613379,"https://twitter.com/JelitaThalita67/statuses/1653381150608613379","https://twitter.com/JelitaThalita67/statuses/1653381150608613379","JelitaThalita67","Kemudian, posisi kedua disusul oleh Menteri Pariwisata dan Ekonomi Kreatif (Parekraf),Â Sandiaga Uno, dengan angka 14,2 persen. Posisi ketiga, diisi oleh Ketua Umum Partai Demokrat Agus Harimurti Yudhoyono (AHY) dengan angka 12,4 persen. #BersamaJuara #RidwanKamil","Kemudian, posisi kedua disusul oleh Menteri Pariwisata dan Ekonomi Kreatif (Parekraf),Â Sandiaga Uno, dengan angka 14,2 persen. Posisi ketiga, diisi oleh Ketua Umum Partai Demokrat Agus Harimurti Yudhoyono (AHY) dengan angka 12,4 persen. #BersamaJuara #RidwanKamil","2023-05-02 08:49:19","Twitter Web App",0,0,"in","","reply","JelitaThalita67",2181996672,1653381144526884864,"",0,0,2181996672,"https://pbs.twimg.com/profile_images/1574346009521446912/skaLZgox_normal.jpg",2628,21,113,"2013-11-08 06:10:06","Another dimension","","",
95,1653317360458289152,"https://twitter.com/dheaputrinabila/statuses/1653317360458289152","https://twitter.com/dheaputrinabila/statuses/1653317360458289152","dheaputrinabila","Kemudian, posisi kedua disusul oleh Menteri Pariwisata dan Ekonomi Kreatif (Parekraf),Â Sandiaga Uno, dengan angka 14,2 persen. Posisi ketiga, diisi oleh Ketua Umum Partai Demokrat Agus Harimurti Yudhoyono (AHY) dengan angka 12,4 persen. #BersamaJuara #RidwanKamil","Kemudian, posisi kedua disusul oleh Menteri Pariwisata dan Ekonomi Kreatif (Parekraf),Â Sandiaga Uno, dengan angka 14,2 persen. Posisi ketiga, diisi oleh Ketua Umum Partai Demokrat Agus Harimurti Yudhoyono (AHY) dengan angka 12,4 persen. #BersamaJuara #RidwanKamil","2023-05-02 04:35:50","Twitter Web App",0,0,"in","","reply","dheaputrinabila",710263932,1653317356746338304,"",0,0,710263932,"https://pbs.twimg.com/profile_images/1592845604417175552/QTMlseXD_normal.jpg",2444,577,103,"2012-07-22 03:07:20","---Earth","Central Borneo,Indonesia","",
96,1653256865525170176,"https://twitter.com/danu_ie/statuses/1653256865525170176","https://twitter.com/danu_ie/statuses/1653256865525170176","danu_ie","kemenpora = SEAmangat kalo parekraf semangART? https://t.co/V8STUTIWQl","kemenpora = SEAmangat kalo parekraf semangART? https://t.co/V8STUTIWQl","2023-05-02 00:35:27","Twitter Web App",0,0,"in","â€œDukung Tanpa Tapi, Meski Cuman Depan Tipiâ€ https://t.co/e9F1dehXfx","quote","imanlagi",56391072,1653221181796007937,"",0,0,113958376,"https://pbs.twimg.com/profile_images/2403209794/m35u3ig26845j267va6v_normal.jpeg",43050,363,268,"2010-02-13 11:13:43","Fotonya dari 2010 belum ganti.","between frames","",
97,1653057615461769216,"https://twitter.com/Hanadiaa_/statuses/1653057615461769216","https://twitter.com/Hanadiaa_/statuses/1653057615461769216","Hanadiaa_","RT @Yu4n1taa: Pesta Rakyat ini akan melibatkan berbagai konten budaya lokal, seperti kegiatan bazar yang berisi berbagai produk parekraf loâ€¦","Pesta Rakyat ini akan melibatkan berbagai konten budaya lokal, seperti kegiatan bazar yang berisi berbagai produk parekraf lokal seperti kuliner, tenun, suvenir, produk-produk lokal unggulan #MenujuLabuanBajo Indonesia Pimpin ASEAN https://t.co/UapvnXLyRk","2023-05-01 11:23:42","Twitter for Android",0,8,"in","","retweet","",0,0,"Yu4n1taa",32058750,1653022961203548162,1334214305315622912,"https://pbs.twimg.com/profile_images/1537101638900789248/Bh1yWVkb_normal.jpg",10793,1671,1302,"2020-12-02 14:14:47","Pengguna Twitter","Cirebon Barat, Indonesia","",
98,1653053881709129731,"https://twitter.com/ginnagin44/statuses/1653053881709129731","https://twitter.com/ginnagin44/statuses/1653053881709129731","ginnagin44","RT @Yu4n1taa: Pesta Rakyat ini akan melibatkan berbagai konten budaya lokal, seperti kegiatan bazar yang berisi berbagai produk parekraf loâ€¦","Pesta Rakyat ini akan melibatkan berbagai konten budaya lokal, seperti kegiatan bazar yang berisi berbagai produk parekraf lokal seperti kuliner, tenun, suvenir, produk-produk lokal unggulan #MenujuLabuanBajo Indonesia Pimpin ASEAN https://t.co/UapvnXLyRk","2023-05-01 11:08:52","Twitter for Android",0,8,"in","","retweet","",0,0,"Yu4n1taa",32058750,1653022961203548162,822019037785767937,"https://pbs.twimg.com/profile_images/1542570053698482176/gKNLb76s_normal.jpg",9374,1498,1164,"2017-01-19 04:53:05","Inspirasi","Cirebon, Jawa Barat","",
99,1653030303806664706,"https://twitter.com/sikumbang_u/statuses/1653030303806664706","https://twitter.com/sikumbang_u/statuses/1653030303806664706","sikumbang_u","RT @Yu4n1taa: Pesta Rakyat ini akan melibatkan berbagai konten budaya lokal, seperti kegiatan bazar yang berisi berbagai produk parekraf loâ€¦","Pesta Rakyat ini akan melibatkan berbagai konten budaya lokal, seperti kegiatan bazar yang berisi berbagai produk parekraf lokal seperti kuliner, tenun, suvenir, produk-produk lokal unggulan #MenujuLabuanBajo Indonesia Pimpin ASEAN https://t.co/UapvnXLyRk","2023-05-01 09:35:10","Twitter for Android",0,8,"in","","retweet","",0,0,"Yu4n1taa",32058750,1653022961203548162,1402551786204925954,"https://pbs.twimg.com/profile_images/1419697115064795137/VJi-_Py4_normal.jpg",8196,1843,1693,"2021-06-09 05:03:31","KATA kan...!âœŒ -YANG HITAM ITU HITAM, dan YANG PUTIH itu PUTIH-","","",
100,1653029571527311362,"https://twitter.com/ekadwihandayani/statuses/1653029571527311362","https://twitter.com/ekadwihandayani/statuses/1653029571527311362","ekadwihandayani","Nantinya, kegiatan itu berisikan konten budaya lokal, seperti kegiatan bazar dengan berbagai produk parekraf lokal seperti kuliner, tenun, dan souvenir. Ada pula produk-produk lokal unggulan seperti kopi dan gula rebok, serta produk kerajinan tangan lainnya.  #MenujuLabuanBajo","Nantinya, kegiatan itu berisikan konten budaya lokal, seperti kegiatan bazar dengan berbagai produk parekraf lokal seperti kuliner, tenun, dan souvenir. Ada pula produk-produk lokal unggulan seperti kopi dan gula rebok, serta produk kerajinan tangan lainnya.  #MenujuLabuanBajo","2023-05-01 09:32:16","Twitter for Android",0,0,"in","","reply","ekadwihandayani",65002102,1653029567802802176,"",0,0,65002102,"https://pbs.twimg.com/profile_images/1433635098687987712/e1EYETWI_normal.jpg",6826,2852,3965,"2009-08-12 06:42:41","Diary kedua setelah buku tuaku ... (ÊƒÆªË˜Ë˜ï»¬)","","",
101,1653029422314971136,"https://twitter.com/mimah_disini/statuses/1653029422314971136","https://twitter.com/mimah_disini/statuses/1653029422314971136","mimah_disini","RT @Yu4n1taa: Pesta Rakyat ini akan melibatkan berbagai konten budaya lokal, seperti kegiatan bazar yang berisi berbagai produk parekraf loâ€¦","Pesta Rakyat ini akan melibatkan berbagai konten budaya lokal, seperti kegiatan bazar yang berisi berbagai produk parekraf lokal seperti kuliner, tenun, suvenir, produk-produk lokal unggulan #MenujuLabuanBajo Indonesia Pimpin ASEAN https://t.co/UapvnXLyRk","2023-05-01 09:31:40","Twitter for Android",0,8,"in","","retweet","",0,0,"Yu4n1taa",32058750,1653022961203548162,1398202316063346688,"https://pbs.twimg.com/profile_images/1608011817116381184/hXSz09lu_normal.jpg",14716,2609,2184,"2021-05-28 05:00:02","Pacar Jeon Jungkook ğŸ°| proud to be Indonesian ğŸ‡®ğŸ‡© | pasti follback ğŸ¤","Bandung, Jawa Barat","",
102,1653027712473366528,"https://twitter.com/Murahs3nyum/statuses/1653027712473366528","https://twitter.com/Murahs3nyum/statuses/1653027712473366528","Murahs3nyum","RT @Yu4n1taa: Pesta Rakyat ini akan melibatkan berbagai konten budaya lokal, seperti kegiatan bazar yang berisi berbagai produk parekraf loâ€¦","Pesta Rakyat ini akan melibatkan berbagai konten budaya lokal, seperti kegiatan bazar yang berisi berbagai produk parekraf lokal seperti kuliner, tenun, suvenir, produk-produk lokal unggulan #MenujuLabuanBajo Indonesia Pimpin ASEAN https://t.co/UapvnXLyRk","2023-05-01 09:24:53","Twitter for Android",0,8,"in","","retweet","",0,0,"Yu4n1taa",32058750,1653022961203548162,1404063206142734337,"https://pbs.twimg.com/profile_images/1512908535625318401/vgEk4UxK_normal.jpg",15684,5658,5419,"2021-06-13 09:09:02","Positif thinking, melangkah maju agar lebih baik dan baik lagi NKRI ğŸ‡®ğŸ‡©ğŸ‡®ğŸ‡©ğŸ‡®ğŸ‡© #DamaiIndonesiaKu","Indonesia","",
103,1653025978023804929,"https://twitter.com/AretaRivera/statuses/1653025978023804929","https://twitter.com/AretaRivera/statuses/1653025978023804929","AretaRivera","RT @Yu4n1taa: Pesta Rakyat ini akan melibatkan berbagai konten budaya lokal, seperti kegiatan bazar yang berisi berbagai produk parekraf loâ€¦","Pesta Rakyat ini akan melibatkan berbagai konten budaya lokal, seperti kegiatan bazar yang berisi berbagai produk parekraf lokal seperti kuliner, tenun, suvenir, produk-produk lokal unggulan #MenujuLabuanBajo Indonesia Pimpin ASEAN https://t.co/UapvnXLyRk","2023-05-01 09:17:59","Twitter for Android",0,8,"in","","retweet","",0,0,"Yu4n1taa",32058750,1653022961203548162,1416347114007797762,"https://pbs.twimg.com/profile_images/1564082933874720768/2caDIMjx_normal.jpg",5617,1754,1630,"2021-07-17 06:41:37","Mengeluh takkan menyelesaikan masalah","","",
104,1653024918672674816,"https://twitter.com/KakRosse_aja/statuses/1653024918672674816","https://twitter.com/KakRosse_aja/statuses/1653024918672674816","KakRosse_aja","RT @Yu4n1taa: Pesta Rakyat ini akan melibatkan berbagai konten budaya lokal, seperti kegiatan bazar yang berisi berbagai produk parekraf loâ€¦","Pesta Rakyat ini akan melibatkan berbagai konten budaya lokal, seperti kegiatan bazar yang berisi berbagai produk parekraf lokal seperti kuliner, tenun, suvenir, produk-produk lokal unggulan #MenujuLabuanBajo Indonesia Pimpin ASEAN https://t.co/UapvnXLyRk","2023-05-01 09:13:46","Twitter for Android",0,8,"in","","retweet","",0,0,"Yu4n1taa",32058750,1653022961203548162,1404291586997964804,"https://pbs.twimg.com/profile_images/1440619550937018371/xn9VoM1Z_normal.jpg",5746,1957,1743,"2021-06-14 00:17:25","akan Indah pada Waktu nya.. Akun pencinta â¤ NKRI ğŸ‡²ğŸ‡¨ğŸ‡²ğŸ‡¨ğŸ‡²ğŸ‡¨","","",
105,1653023180624371713,"https://twitter.com/hanny_nr/statuses/1653023180624371713","https://twitter.com/hanny_nr/statuses/1653023180624371713","hanny_nr","kegiatan ini banyak melibatkan masyarakan lokal loh  karena berisikan konten budaya lokal,  produk parekraf lokal seperti kuliner, tenun, dan souvenir. Ada jg produk lokal unggulan kyk kopi &amp; gula, serta produk kerajinan tangan lainnya. Indonesia Pimpin ASEAN #MenujuLabuanBajo","kegiatan ini banyak melibatkan masyarakan lokal loh  karena berisikan konten budaya lokal,  produk parekraf lokal seperti kuliner, tenun, dan souvenir. Ada jg produk lokal unggulan kyk kopi &amp; gula, serta produk kerajinan tangan lainnya. Indonesia Pimpin ASEAN #MenujuLabuanBajo","2023-05-01 09:06:52","Twitter for Android",0,0,"in","","reply","hanny_nr",402561223,1653022459241836544,"",0,0,402561223,"https://pbs.twimg.com/profile_images/1238482811830431744/885wpwoT_normal.jpg",11665,3748,3611,"2011-11-01 04:03:57","Writer Antologi Diary Emak Pelupa                                   hannyrosadi@gmail.com     https://t.co/ljBKmTkrw7","Jakarta Timur ","",
106,1653023092116164609,"https://twitter.com/ojokdilarani/statuses/1653023092116164609","https://twitter.com/ojokdilarani/statuses/1653023092116164609","ojokdilarani","RT @Yu4n1taa: Pesta Rakyat ini akan melibatkan berbagai konten budaya lokal, seperti kegiatan bazar yang berisi berbagai produk parekraf loâ€¦","Pesta Rakyat ini akan melibatkan berbagai konten budaya lokal, seperti kegiatan bazar yang berisi berbagai produk parekraf lokal seperti kuliner, tenun, suvenir, produk-produk lokal unggulan #MenujuLabuanBajo Indonesia Pimpin ASEAN https://t.co/UapvnXLyRk","2023-05-01 09:06:31","Twitter for Android",0,8,"in","","retweet","",0,0,"Yu4n1taa",32058750,1653022961203548162,1954234272,"https://pbs.twimg.com/profile_images/1601374523596496897/eln9RFmw_normal.jpg",2196,571,3941,"2013-10-11 10:07:56","Ø§Ù„Ù„Ù‡Ù… ØµÙ„ Ø¹Ù„Ù‰ Ù…Ø­Ù…Ø¯","Indonesia","",
107,1653022961203548162,"https://twitter.com/Yu4n1taa/statuses/1653022961203548162","https://twitter.com/Yu4n1taa/statuses/1653022961203548162","Yu4n1taa","Pesta Rakyat ini akan melibatkan berbagai konten budaya lokal, seperti kegiatan bazar yang berisi berbagai produk parekraf lokal seperti kuliner, tenun, suvenir, produk-produk lokal unggulan #MenujuLabuanBajo Indonesia Pimpin ASEAN https://t.co/UapvnXLyRk","Pesta Rakyat ini akan melibatkan berbagai konten budaya lokal, seperti kegiatan bazar yang berisi berbagai produk parekraf lokal seperti kuliner, tenun, suvenir, produk-produk lokal unggulan #MenujuLabuanBajo Indonesia Pimpin ASEAN https://t.co/UapvnXLyRk","2023-05-01 09:06:00","Twitter Web App",9,8,"in","","original","",0,0,"",0,0,32058750,"https://pbs.twimg.com/profile_images/1426483408805392387/7FOtg3dh_normal.jpg",3049,1916,1906,"2009-04-16 14:22:28","Orang Indonesia yg mencintai Keluarga","","",
108,1652988536638042113,"https://twitter.com/Kemenparekraf/statuses/1652988536638042113","https://twitter.com/Kemenparekraf/statuses/1652988536638042113","Kemenparekraf","Yuk, kita ramaikan bersama, jadikan ajang ini untuk meningkatkan sektor parekraf tanah air dan membuka lebih banyak lapangan kerja! ğŸ™ŒğŸ»  #ASEAN2023 #ASEANIndonesia2023 #IndonesiaKetuaASEAN #IndonesiauntukASEAN #ASEANMatters #EpicentrumOfGrowth #WonderfulIndonesia","Yuk, kita ramaikan bersama, jadikan ajang ini untuk meningkatkan sektor parekraf tanah air dan membuka lebih banyak lapangan kerja! ğŸ™ŒğŸ»  #ASEAN2023 #ASEANIndonesia2023 #IndonesiaKetuaASEAN #IndonesiauntukASEAN #ASEANMatters #EpicentrumOfGrowth #WonderfulIndonesia","2023-05-01 06:49:12","Twitter for iPhone",2,0,"in","","reply","Kemenparekraf",3259539990,1652981495513096192,"",0,0,3259539990,"https://pbs.twimg.com/profile_images/1237893679701868548/3I8XNJjJ_normal.jpg",56410,426,261363,"2015-06-29 01:29:17","Akun Twitter Resmi Kementerian Pariwisata dan Ekonomi Kreatif/Badan Pariwisata dan Ekonomi Kreatif RI. Dikelola oleh Biro Komunikasi.","Jakarta Pusat, DKI Jakarta","",
109,1652979764804882432,"https://twitter.com/bung_angin/statuses/1652979764804882432","https://twitter.com/bung_angin/statuses/1652979764804882432","bung_angin","Buruh dan Pekerja Parekraf harus ikut Berbahagia bersama Wisatawan ğŸ‘ https://t.co/OfInU6VfEH","Buruh dan Pekerja Parekraf harus ikut Berbahagia bersama Wisatawan ğŸ‘ https://t.co/OfInU6VfEH","2023-05-01 06:14:21","Twitter for Android",0,0,"in","Selamat memperingati hari buruh internasional. Untuk seluruh pekerja di dunia, terutama sektor pariwisata Indonesia, terima kasih atas segala kerja keras yang sudah diberikan âœ¨ğŸ‰âœ¨ https://t.co/S3F2b6292z","quote","BOBorobudur",1027046182395109377,1652938655277907969,"",0,0,782950598513528832,"https://pbs.twimg.com/profile_images/1390297260303343621/hPdMzTf3_normal.jpg",24799,305,470,"2016-10-03 10:29:04","belajar merantau, merawat optimisme","Loano, Indonesia","",
110,1652722046051454976,"https://twitter.com/conbekist/statuses/1652722046051454976","https://twitter.com/conbekist/statuses/1652722046051454976","conbekist","@favnaeee @convomfs kalo aku pwk, ya di konsultan atau di pemerintah. karna aku ambil keahlian pariwisata jadinya aku tertarik di parekraf","@favnaeee @convomfs kalo aku pwk, ya di konsultan atau di pemerintah. karna aku ambil keahlian pariwisata jadinya aku tertarik di parekraf","2023-04-30 13:10:16","Twitter for Android",0,0,"in","","reply","favnaeee",1634401559848288258,1652663192252985345,"",0,0,1131968167926886402,"https://pbs.twimg.com/profile_images/1647260429939523586/dvfNunN5_normal.jpg",27532,874,764,"2019-05-24 13:00:16","hola!","exol","",
